date,final_demand,power_generation,lng_trucks,total_demand
01/01/2019,779.21,192.85,12.69,984.75
02/01/2019,986.96,193.04,48.28,1228.28
03/01/2019,1027.32,305.17,48.12,1380.61
04/01/2019,1054.04,363.47,47.08,1464.59
05/01/2019,958.45,218.03,17.43,1193.91
06/01/2019,936.89,142.13,18.27,1097.29
07/01/2019,1067.09,245.16,37.06,1349.31
08/01/2019,1117.28,240.41,49.43,1407.12
09/01/2019,1095.76,179.9,51.57,1327.23
10/01/2019,1144.67,223.56,51.63,1419.86
11/01/2019,1167.85,278.95,43.28,1490.08
12/01/2019,1024.57,175.45,23.32,1223.34
13/01/2019,996.35,160.21,18.99,1175.55
14/01/2019,1070.84,315.93,53.95,1440.72
15/01/2019,1066.43,415.45,51.24,1533.12
16/01/2019,1091.5,398.06,50.37,1539.93
17/01/2019,1095.94,341.11,53.29,1490.34
18/01/2019,1107.46,373.13,43.09,1523.68
19/01/2019,997.33,188.08,17.23,1202.64
20/01/2019,975.61,125.68,17.87,1119.16
21/01/2019,1098.45,301.09,53.01,1452.55
22/01/2019,1135.78,237.39,48.43,1421.6
23/01/2019,1087.5,97.19,50.1,1234.79
24/01/2019,1054.78,210.03,50.68,1315.49
25/01/2019,997.91,205.38,43.34,1246.63
26/01/2019,888.52,118.69,15.85,1023.06
27/01/2019,911.05,51.47,15.97,978.49
28/01/2019,1037.94,115.31,52.44,1205.69
29/01/2019,1076.23,196.02,51.59,1323.84
30/01/2019,1060.65,182.22,45.38,1288.25
31/01/2019,1002.08,87.51,51.99,1141.58
01/02/2019,1006.35,82.64,43.93,1132.92
02/02/2019,970.08,81.16,13.32,1064.56
03/02/2019,983.5,109.84,13.96,1107.3
04/02/2019,1092.51,293.79,60.32,1446.62
05/02/2019,1029.62,303.99,51.48,1385.09
06/02/2019,1000.48,271.49,52.88,1324.85
07/02/2019,1000.75,265.95,53.67,1320.37
08/02/2019,976.96,205.99,46.66,1229.61
09/02/2019,861.15,116.26,14.94,992.35
10/02/2019,865.22,68.88,15.28,949.38
11/02/2019,972.48,272.3,51.84,1296.62
12/02/2019,994.26,312.07,52.12,1358.45
13/02/2019,984.01,298.3,52.03,1334.34
14/02/2019,974.5,243.66,50.77,1268.93
15/02/2019,960.85,239.2,39.04,1239.09
16/02/2019,845.02,71.84,13.98,930.84
17/02/2019,845.79,79.29,16.24,941.32
18/02/2019,966.56,245.22,53.24,1265.02
19/02/2019,960.46,294.44,50.62,1305.52
20/02/2019,962.03,281.86,51.21,1295.1
21/02/2019,940.33,224.64,52.43,1217.4
22/02/2019,897.08,171.74,40.11,1108.93
23/02/2019,791.45,118.3,15.69,925.44
24/02/2019,786.62,128.3,14.43,929.35
25/02/2019,890.49,194.21,53.2,1137.9
26/02/2019,871.42,157.5,49.52,1078.44
27/02/2019,859.58,152.23,46.98,1058.79
28/02/2019,861.98,158.98,39.54,1060.5
01/03/2019,841.03,149.28,44.16,1034.47
02/03/2019,732.78,116.81,12.06,861.65
03/03/2019,719.83,86.8,11.78,818.41
04/03/2019,831.46,140.82,52.12,1024.4
05/03/2019,839.93,139.93,48.79,1028.65
06/03/2019,886.3,74.67,45.12,1006.09
07/03/2019,900.21,210.19,41.58,1151.98
08/03/2019,872.6,226.23,39.16,1137.99
09/03/2019,752.48,137.22,12.03,901.73
10/03/2019,729.31,92.29,12.37,833.97
11/03/2019,836.22,197.5,53.45,1087.17
12/03/2019,841.67,143.05,45.47,1030.19
13/03/2019,887.32,103.07,46.84,1037.23
14/03/2019,884.73,195.94,46.1,1126.77
15/03/2019,833.03,243.18,38.48,1114.69
16/03/2019,710.87,131.96,11.47,854.3
17/03/2019,721.13,80.75,13.57,815.45
18/03/2019,847.27,160.84,47.55,1055.66
19/03/2019,858.98,114.87,32.91,1006.76
20/03/2019,902.31,186.89,51.56,1140.76
21/03/2019,903.15,219.7,45.73,1168.58
22/03/2019,851.04,221.34,41.71,1114.09
23/03/2019,718.6,181.89,9.2,909.69
24/03/2019,694.75,137.5,12.08,844.33
25/03/2019,801.59,118.64,53.36,973.59
26/03/2019,827.18,77.58,48.65,953.41
27/03/2019,835.84,136.71,46.25,1018.8
28/03/2019,836.46,199.7,43.96,1080.12
29/03/2019,814.37,226.89,41.09,1082.35
30/03/2019,692.81,213.42,12.3,918.53
31/03/2019,732.24,236.33,10.13,978.7
01/04/2019,815.01,357.5,53.39,1225.9
02/04/2019,806.07,299.47,44.23,1149.77
03/04/2019,861.59,186.03,46.19,1093.81
04/04/2019,883.85,249.14,46.74,1179.73
05/04/2019,917.85,215.29,38.47,1171.61
06/04/2019,826.72,80.19,10.11,917.02
07/04/2019,806.56,122.22,12.03,940.81
08/04/2019,877.23,249.04,54.88,1181.15
09/04/2019,900.42,189.16,47.61,1137.19
10/04/2019,892.53,231.99,43.08,1167.6
11/04/2019,875.01,269.82,47.08,1191.91
12/04/2019,819.84,259.76,40.89,1120.49
13/04/2019,697.32,209.64,15.47,922.43
14/04/2019,655.48,185.92,12.8,854.2
15/04/2019,738.82,191.05,51.78,981.65
16/04/2019,738.48,267.72,47.39,1053.59
17/04/2019,718.35,174.86,36.27,929.48
18/04/2019,692.67,244.91,20.02,957.6
19/04/2019,656.08,142.7,10.12,808.9
20/04/2019,630.68,118.16,17.84,766.68
21/04/2019,663.86,178.39,12.91,855.16
22/04/2019,701.09,237.02,33.61,971.72
23/04/2019,786.67,178.17,45.59,1010.43
24/04/2019,847.64,87.98,47.76,983.38
25/04/2019,829.48,96.37,47.43,973.28
26/04/2019,806.46,207.38,36.19,1050.03
27/04/2019,691.09,181.62,12.19,884.9
28/04/2019,661.23,165.22,14.5,840.95
29/04/2019,726.03,288.53,50.36,1064.92
30/04/2019,703.29,272.93,33.11,1009.33
01/05/2019,625.9,147.34,15.34,788.58
02/05/2019,694.58,202.97,50.32,947.87
03/05/2019,723.93,231.33,37.29,992.55
04/05/2019,633.74,159.62,11.75,805.11
05/05/2019,639.89,179.19,11.34,830.42
06/05/2019,720.61,359.51,48.87,1128.99
07/05/2019,712.44,303.27,42.05,1057.76
08/05/2019,693.66,132.84,41.57,868.07
09/05/2019,698.92,234.25,42.77,975.94
10/05/2019,669.17,274.57,31.8,975.54
11/05/2019,599.39,220.99,10.01,830.39
12/05/2019,593.28,150.14,9.5,752.92
13/05/2019,676.02,263.86,48.54,988.42
14/05/2019,678.25,352.08,43.55,1073.88
15/05/2019,664.61,354.37,40.05,1059.03
16/05/2019,682.94,285.77,37.17,1005.88
17/05/2019,691.72,205.65,34.8,932.17
18/05/2019,632.51,249.76,13.07,895.34
19/05/2019,632.31,266.3,9.64,908.25
20/05/2019,709.71,383.87,49.94,1143.52
21/05/2019,699.59,391.11,41.54,1132.24
22/05/2019,685.31,438.3,43.78,1167.39
23/05/2019,679.02,401.25,41.39,1121.66
24/05/2019,684.69,294.2,35.63,1014.52
25/05/2019,607.94,206.04,9.91,823.89
26/05/2019,597.36,208.65,12.49,818.5
27/05/2019,669.21,321.95,48.58,1039.74
28/05/2019,686.67,298.9,42.85,1028.42
29/05/2019,677.29,307.92,44.54,1029.75
30/05/2019,652.53,398.21,44.51,1095.25
31/05/2019,640.23,398.14,26.37,1064.74
01/06/2019,569.28,363.74,7.79,940.81
02/06/2019,569.99,356.44,10.09,936.52
03/06/2019,650.66,445.8,49.48,1145.94
04/06/2019,657.25,406.15,41.13,1104.53
05/06/2019,672.51,363.4,41.6,1077.51
06/06/2019,664.1,259.97,40.51,964.58
07/06/2019,659.28,348.49,30.94,1038.71
08/06/2019,583.06,311.12,11.9,906.08
09/06/2019,577.6,265.44,13.64,856.68
10/06/2019,659.49,285.45,36.18,981.12
11/06/2019,681.06,304.76,42.82,1028.64
12/06/2019,683.99,347.34,43.36,1074.69
13/06/2019,678.86,363.14,45.19,1087.19
14/06/2019,672.11,325.27,31.99,1029.37
15/06/2019,591.12,325.08,8.33,924.53
16/06/2019,576.42,312.95,9.35,898.72
17/06/2019,659.2,449.07,47.79,1156.06
18/06/2019,661.83,313.99,37.96,1013.78
19/06/2019,656.41,451.12,39.06,1146.59
20/06/2019,655.7,401.98,40.62,1098.3
21/06/2019,647.86,399.83,32.79,1080.48
22/06/2019,565.16,326.81,13.68,905.65
23/06/2019,550.76,262.21,6.65,819.62
24/06/2019,600.67,439.08,33.64,1073.39
25/06/2019,633.18,467.55,42.13,1142.86
26/06/2019,624.8,423,39.3,1087.1
27/06/2019,622.82,466.26,41.26,1130.34
28/06/2019,612.06,526.4,30.75,1169.21
29/06/2019,551.81,442.11,9.62,1003.54
30/06/2019,547.13,356.34,10.78,914.24
01/07/2019,623.55,489.74,42.93,1156.22
02/07/2019,647.19,493.37,41.62,1182.18
03/07/2019,626.75,491.14,40.69,1158.58
04/07/2019,623.89,511.98,43.81,1179.68
05/07/2019,621.48,521.49,31.61,1174.57
06/07/2019,552.74,448.67,8.97,1010.37
07/07/2019,543.65,396.55,10.16,950.35
08/07/2019,632.99,477.02,43.45,1153.46
09/07/2019,634.22,480.3,38.26,1152.77
10/07/2019,632.34,544.91,40.6,1217.85
11/07/2019,630.02,545.3,42.01,1217.33
12/07/2019,614.38,562.44,29.62,1206.44
13/07/2019,542.65,420.25,13.52,976.42
14/07/2019,535.72,349.57,14.89,900.18
15/07/2019,621.91,475.47,44.81,1142.2
16/07/2019,630.81,478.71,41.02,1150.54
17/07/2019,633.95,483.51,41.82,1159.28
18/07/2019,628.4,541.91,42.91,1213.22
19/07/2019,623.71,520.25,34.96,1178.92
20/07/2019,551.24,469.35,14.28,1034.87
21/07/2019,543.85,402.47,13.95,960.27
22/07/2019,610.33,530.43,44.74,1185.5
23/07/2019,610.96,578.09,41.51,1230.57
24/07/2019,610.47,596.69,43.28,1250.44
25/07/2019,602.41,566.78,38.71,1207.9
26/07/2019,599.69,534.34,36.18,1170.21
27/07/2019,535.97,352.66,14.78,903.41
28/07/2019,522.78,366.24,12.49,901.51
29/07/2019,599.03,457.76,41.24,1098.03
30/07/2019,604.12,448.82,45.03,1097.98
31/07/2019,605.16,477.89,31.91,1114.96
01/08/2019,602.42,577.15,45.24,1224.82
02/08/2019,585.92,556.43,29.88,1172.23
03/08/2019,524.62,496.47,15.35,1036.43
04/08/2019,509.48,434.24,12.77,956.49
05/08/2019,554.53,560.01,44.02,1158.56
06/08/2019,558.41,563.49,41.03,1162.92
07/08/2019,559.36,561.38,40.95,1161.69
08/08/2019,557.86,479.32,38.15,1075.33
09/08/2019,548.76,430.64,32.86,1012.27
10/08/2019,511.24,428.55,14.49,954.28
11/08/2019,501.75,330.15,12.43,844.33
12/08/2019,543.22,393.82,45.29,982.32
13/08/2019,547.81,456.37,44.49,1048.67
14/08/2019,541.31,462.75,24.27,1028.34
15/08/2019,507.16,391.47,20.56,919.18
16/08/2019,518.18,454.55,34.31,1007.04
17/08/2019,488.37,390.46,11.78,890.62
18/08/2019,487.19,316.75,14.54,818.48
19/08/2019,550.11,421.98,39.06,1011.15
20/08/2019,562.62,410.07,36.57,1009.26
21/08/2019,563.86,498.37,36.52,1098.74
22/08/2019,564.48,493.36,39.1,1096.95
23/08/2019,557.72,504.24,30.67,1092.63
24/08/2019,508.3,460.73,14.43,983.47
25/08/2019,499.54,350.35,13.68,863.57
26/08/2019,584.97,569.28,39.35,1193.6
27/08/2019,603.95,671.05,44.12,1319.12
28/08/2019,603.1,647.07,41.35,1291.52
29/08/2019,607.16,619.41,36.5,1263.07
30/08/2019,597.2,583.08,33.79,1214.07
31/08/2019,537.94,431.13,12.18,981.24
01/09/2019,537.2,299.27,12.95,849.42
02/09/2019,625.81,382.22,46.59,1054.62
03/09/2019,636.32,537.61,40.8,1214.72
04/09/2019,647.69,443.24,44.68,1135.61
05/09/2019,654.44,269.43,42.07,965.94
06/09/2019,650.11,268.82,32.43,951.36
07/09/2019,573.42,225.08,13.8,812.3
08/09/2019,566.44,306.45,13.58,886.47
09/09/2019,649.3,423.54,45.08,1117.92
10/09/2019,659.88,173.63,42.73,876.24
11/09/2019,649.75,194.61,34.21,878.57
12/09/2019,664.53,335.68,44.83,1045.04
13/09/2019,648.62,326.59,31.21,1006.42
14/09/2019,572.59,259.89,12.24,844.73
15/09/2019,560.37,318.18,9.79,888.33
16/09/2019,638.9,564.66,46.51,1250.08
17/09/2019,640.52,541.88,39.56,1221.96
18/09/2019,644.18,546.74,41.53,1232.45
19/09/2019,644.4,543.36,42.43,1230.19
20/09/2019,641.54,490.92,34.51,1166.97
21/09/2019,555.65,282.33,10.42,848.4
22/09/2019,556.28,288.12,10.41,854.81
23/09/2019,643.12,428.1,48.32,1119.54
24/09/2019,650.35,412.21,44.88,1107.44
25/09/2019,652.24,479.36,41.28,1172.88
26/09/2019,647.63,494.66,41.13,1183.42
27/09/2019,636.29,499.28,34.25,1169.82
28/09/2019,564.17,403.43,8.79,976.39
29/09/2019,552.24,304.34,11.54,868.13
30/09/2019,626.74,466.98,44.77,1138.49
01/10/2019,636.77,380.39,39.7,1056.87
02/10/2019,634.56,422.53,42.13,1099.22
03/10/2019,646.5,420.39,44.23,1111.12
04/10/2019,635.62,447.9,32.96,1116.48
05/10/2019,565.13,393.62,9.08,967.82
06/10/2019,564.75,321.4,10.96,897.11
07/10/2019,648.48,480.01,47.77,1176.26
08/10/2019,645.79,452.8,44.7,1143.3
09/10/2019,643.82,446.77,39.78,1130.37
10/10/2019,653.14,472.3,46.54,1171.97
11/10/2019,631.6,444.19,23.46,1099.25
12/10/2019,541.21,215.2,7.64,764.05
13/10/2019,550.61,201.58,11.13,763.31
14/10/2019,649.87,313.2,49.14,1012.21
15/10/2019,675.08,423.62,40.11,1138.81
16/10/2019,683.67,380.28,45.23,1109.18
17/10/2019,686.17,421.26,40.78,1148.21
18/10/2019,661.64,399.86,38.55,1100.04
19/10/2019,644.4,543.36,42.43,1230.19
20/10/2019,628.99,325,10.84,964.83
21/10/2019,739.56,459.07,47.66,1246.3
22/10/2019,780.81,402.22,45.42,1228.45
23/10/2019,801.62,367.78,46.05,1215.45
24/10/2019,789.64,343.54,50.62,1183.8
25/10/2019,752.78,370.73,35.77,1159.29
26/10/2019,673.26,330.22,12.7,1016.17
27/10/2019,645.95,328.74,10.02,984.7
28/10/2019,730.25,406.7,53.78,1190.73
29/10/2019,734.72,435.1,48.46,1218.28
30/10/2019,719.46,428.62,44.75,1192.84
31/10/2019,686.97,324.53,28,1039.5
01/11/2019,601.15,133.51,12.34,746.99
02/11/2019,592.63,107.05,14.28,713.96
03/11/2019,623.3,78.43,12.68,714.41
04/11/2019,737.71,164.88,49.6,952.19
05/11/2019,790.74,247.92,43.35,1082.01
06/11/2019,809.54,375.99,43.87,1229.4
07/11/2019,848.04,263.89,48.11,1160.04
08/11/2019,882.69,244.82,37.56,1165.07
09/11/2019,797.53,195.45,11.43,1004.41
10/11/2019,823,139.55,13.7,976.25
11/11/2019,927.81,351.01,53.28,1332.1
12/11/2019,911.78,372.61,46.86,1331.25
13/11/2019,902.33,367.87,50.38,1320.58
14/11/2019,976.27,351.72,50.42,1378.42
15/11/2019,999.58,406.36,42.35,1448.28
16/11/2019,914.03,319.08,16.6,1249.72
17/11/2019,922.14,244.23,16.42,1182.8
18/11/2019,1025.7,457.52,52.74,1535.95
19/11/2019,1036.27,549.16,51.32,1636.76
20/11/2019,1046.58,523.1,52.25,1621.93
21/11/2019,1019.54,474.31,52.33,1546.19
22/11/2019,983.08,251.17,46.52,1280.77
23/11/2019,880.93,139.54,14.59,1035.06
24/11/2019,870.47,171.14,16.15,1057.75
25/11/2019,923.31,356.25,59.23,1338.78
26/11/2019,913.04,235.43,54.67,1203.14
27/11/2019,907.5,163.29,48,1118.78
28/11/2019,901.72,220.28,56.32,1178.31
29/11/2019,858.19,377.58,45.25,1281.02
30/11/2019,789.04,191.51,15.98,996.53
01/12/2019,825.13,173.76,14.25,1013.15
02/12/2019,982.92,226.28,57.35,1266.56
03/12/2019,1025.19,370.71,52.13,1448.02
04/12/2019,1031.28,371.43,53.45,1456.16
05/12/2019,981.12,332.53,41.5,1355.15
06/12/2019,866.24,350.27,21.24,1237.75
07/12/2019,842.76,331.93,24.12,1198.82
08/12/2019,874.59,204.77,17.45,1096.8
09/12/2019,973.59,277.02,45.1,1295.71
10/12/2019,1031.19,367.14,51.87,1450.2
11/12/2019,1045.88,260.85,53.1,1359.84
12/12/2019,1050.55,135.49,51.96,1237.99
13/12/2019,927.02,97.96,46.31,1071.29
14/12/2019,823.8,83.96,18.36,926.12
15/12/2019,832.66,119.04,15.99,967.69
16/12/2019,953.76,217.61,54.62,1225.99
17/12/2019,955.48,288.42,53.47,1297.36
18/12/2019,952.85,197.79,51.86,1202.49
19/12/2019,932.29,90.74,54.09,1077.13
20/12/2019,867.24,70.57,41.58,979.39
21/12/2019,730.54,89.26,17.74,837.53
22/12/2019,729.59,86.5,15.87,831.97
23/12/2019,772.5,128.29,52.63,953.41
24/12/2019,669.45,114.31,16.91,800.67
25/12/2019,610.42,137.32,8.96,756.7
26/12/2019,748.24,153.4,48.24,949.89
27/12/2019,827.32,172.6,41.8,1041.72
28/12/2019,799.73,158.11,12.67,970.51
29/12/2019,809.63,165.09,18.32,993.04
30/12/2019,868.36,211.8,48.74,1128.9
31/12/2019,806.9,242.34,18.63,1067.88
01/01/2020,770.59,229.16,13.23,1012.98
02/01/2020,962.03,270.83,54.82,1287.69
03/01/2020,996.22,238.27,47.97,1282.46
04/01/2020,904.02,164.05,24.41,1092.48
05/01/2020,884.88,171.81,12.95,1069.65
06/01/2020,923.82,223.92,23.48,1171.23
07/01/2020,1074.86,347.09,56.93,1478.88
08/01/2020,1056.82,325.17,50.83,1432.83
09/01/2020,1052.32,267.79,55.52,1375.64
10/01/2020,1053.67,230.59,56.17,1340.44
11/01/2020,960.88,240.29,22.56,1223.73
12/01/2020,986.74,265.43,17.17,1269.34
13/01/2020,1123.58,274.85,59.98,1458.41
14/01/2020,1103.68,188.9,59.31,1351.89
15/01/2020,1074.97,250.08,58.16,1383.21
16/01/2020,1025.54,204.67,61.08,1291.28
17/01/2020,1002.5,232.55,49.97,1285.02
18/01/2020,918.11,154.02,28.17,1100.3
19/01/2020,980.3,95.42,17.05,1092.76
20/01/2020,1173.33,176.98,55.31,1405.61
21/01/2020,1156.23,284.64,52.51,1493.39
22/01/2020,1089.56,348.52,57.61,1495.68
23/01/2020,1060.01,416.94,58.7,1535.66
24/01/2020,1041.31,411.63,52.27,1505.21
25/01/2020,929.99,282.36,21.84,1234.19
26/01/2020,907.14,190.47,18.56,1116.17
27/01/2020,1024.2,217.41,62.38,1303.99
28/01/2020,973.56,223.78,58.87,1256.2
29/01/2020,950.04,237.82,57.85,1245.71
30/01/2020,931.72,197.78,54.97,1184.47
31/01/2020,884.06,182.28,47.24,1113.58
01/02/2020,760.31,110.77,16.88,887.96
02/02/2020,755.73,123.22,16.24,895.19
03/02/2020,853.5,230.7,57.29,1141.49
04/02/2020,885.99,185.74,52.08,1123.81
05/02/2020,938.17,218.26,48.8,1205.24
06/02/2020,965.36,243.15,54.48,1262.98
07/02/2020,944.67,253.67,47.86,1246.2
08/02/2020,863.16,204.16,20.68,1087.99
09/02/2020,829.24,139.46,14.45,983.15
10/02/2020,882.04,167.59,56.32,1105.95
11/02/2020,901.81,263.89,54.46,1220.16
12/02/2020,912.68,287.52,53.13,1253.33
13/02/2020,893.25,240.81,52.67,1186.73
14/02/2020,890.46,277.1,46.63,1214.19
15/02/2020,787.72,165.82,17.29,970.83
16/02/2020,771.44,108.56,13.31,893.32
17/02/2020,901.64,210.48,57.39,1169.51
18/02/2020,946.02,256.97,48.53,1251.52
19/02/2020,950.29,280.88,52.21,1283.37
20/02/2020,938.12,252.67,47.24,1238.04
21/02/2020,902.09,257.48,49.73,1209.3
22/02/2020,793.89,215.56,16.11,1025.57
23/02/2020,780.85,204.44,13.04,998.33
24/02/2020,867.13,228.44,52.4,1147.97
25/02/2020,888.4,114.48,49.24,1052.12
26/02/2020,901.63,140.51,51.1,1093.24
27/02/2020,878.04,141.44,52.84,1072.32
28/02/2020,831.54,145.34,41.51,1018.39
29/02/2020,745.25,64.75,17.84,827.84
01/03/2020,726.68,64.74,12.94,804.36
02/03/2020,893.43,66.42,55.2,1015.05
03/03/2020,906.15,81.98,40.09,1028.22
04/03/2020,842.44,118.52,52.1,1013.06
05/03/2020,854.43,74.45,48.11,976.99
06/03/2020,917.87,79.41,44.69,1041.98
07/03/2020,795.38,104.1,17.22,916.7
08/03/2020,783.25,89.97,14.54,887.77
09/03/2020,875.75,113.48,52.66,1041.89
10/03/2020,847.21,140.69,50.84,1038.73
11/03/2020,797.9,189.51,50.64,1038.05
12/03/2020,790.09,181.88,52.78,1024.76
13/03/2020,780.07,165.92,41.67,987.66
14/03/2020,692.6,170.19,14.16,876.95
15/03/2020,697.86,131.45,13.82,843.13
16/03/2020,886.24,85.3,52.02,1023.56
17/03/2020,843.65,72.53,54.58,970.75
18/03/2020,798.52,96.69,46.86,942.07
19/03/2020,752.26,93.16,43.07,888.49
20/03/2020,764.45,115.83,42.21,922.49
21/03/2020,712.94,141.81,13.49,868.24
22/03/2020,705.54,137.41,12.28,855.23
23/03/2020,784.82,121.86,50.19,956.88
24/03/2020,790.48,137.89,49.44,977.81
25/03/2020,801.07,135.09,46.28,982.44
26/03/2020,823.59,99.87,43.06,966.51
27/03/2020,837.84,135.25,43.66,1016.75
28/03/2020,695.95,138.17,13.39,847.51
29/03/2020,669.64,147.48,14.75,831.87
30/03/2020,804.7,168.97,45.97,1019.64
31/03/2020,806.52,160.62,40.58,1007.72
01/04/2020,750.1,177.9,37.06,965.07
02/04/2020,723.57,174.03,39.77,937.37
03/04/2020,682.5,187.82,36.3,906.62
04/04/2020,598.45,172.63,12.43,783.51
05/04/2020,565.82,182.48,13.47,761.77
06/04/2020,629.83,203.1,41.3,874.23
07/04/2020,607.88,183.81,42.22,833.92
08/04/2020,574.02,179.6,35.51,789.13
09/04/2020,539.39,205.93,26.15,771.47
10/04/2020,537.9,221.21,19.1,778.21
11/04/2020,520.74,178.25,10.14,709.13
12/04/2020,513.75,178.24,12.3,704.29
13/04/2020,589.6,173.92,32.77,796.29
14/04/2020,626.88,138.09,38.89,803.86
15/04/2020,648.97,141.65,41.73,832.34
16/04/2020,648.39,106.18,38.97,793.54
17/04/2020,620.88,106.5,33.19,760.56
18/04/2020,555.65,147.47,12.99,716.11
19/04/2020,557.34,142.94,11.47,711.75
20/04/2020,623.77,115.09,46.45,785.31
21/04/2020,660.09,114.29,36.98,811.35
22/04/2020,642.43,129.3,41.31,813.04
23/04/2020,616.1,121.9,41.34,779.34
24/04/2020,579.66,129.42,30.44,739.52
25/04/2020,527.55,154.6,11.17,693.33
26/04/2020,527.54,162.25,12.58,702.38
27/04/2020,611.74,133.95,41.55,787.24
28/04/2020,609.57,106.68,41.81,758.06
29/04/2020,590.26,96.94,41.51,728.71
30/04/2020,553.44,101.34,28.23,683.01
01/05/2020,467.99,142.42,17.03,627.44
02/05/2020,467.9,165.46,13.47,646.83
03/05/2020,466.78,170.78,15.4,652.95
04/05/2020,545.36,123.58,41.88,710.82
05/05/2020,561.4,125.75,40.37,727.52
06/05/2020,560.54,133.2,36.76,730.5
07/05/2020,558.3,124.68,39.15,722.13
08/05/2020,535.59,129.06,30.79,695.44
09/05/2020,483.06,177.1,10.74,670.91
10/05/2020,483.64,135.72,11.23,630.59
11/05/2020,565.56,116.9,42.04,724.49
12/05/2020,591.71,149.48,38.61,779.81
13/05/2020,592.69,155.57,42.37,790.63
14/05/2020,601.04,122.06,41.24,764.33
15/05/2020,577.97,120.87,36.58,735.42
16/05/2020,513.42,137.23,11.36,662.01
17/05/2020,497.43,153.54,9.72,660.69
18/05/2020,566.68,172.98,46.07,785.72
19/05/2020,560.78,190.33,41.46,792.58
20/05/2020,560.36,203.95,37.39,801.7
21/05/2020,547.02,204.18,38.24,789.43
22/05/2020,539.84,204.29,36.93,781.06
23/05/2020,469.52,138.84,7.56,615.92
24/05/2020,466.08,127.4,9.72,603.2
25/05/2020,543.19,181.69,39.01,763.89
26/05/2020,554.33,162.69,41.03,758.04
27/05/2020,557.57,186.94,39.78,784.29
28/05/2020,556.44,237.28,42.3,836.03
29/05/2020,549.26,236.32,31.42,817
30/05/2020,496.02,190.83,8.98,695.83
31/05/2020,486.73,225.99,12.54,725.26
01/06/2020,486.73,225.99,12.54,725.26
02/06/2020,578.23,318.25,39.24,935.72
03/06/2020,581.08,289.38,37.75,908.2
04/06/2020,588.41,194.72,43.32,826.45
05/06/2020,572.67,248.09,35.5,856.26
06/06/2020,506.08,209.38,10,725.47
07/06/2020,509.3,169.51,11.3,690.1
08/06/2020,601.37,226.97,38.54,866.88
09/06/2020,601.82,239.62,34.48,875.91
10/06/2020,607.87,243.3,41.83,892.99
11/06/2020,610.61,155.37,35.29,801.27
12/06/2020,602.05,125.51,37.58,765.14
13/06/2020,534.07,177.21,10.72,722
14/06/2020,527.46,204.56,10.42,742.45
15/06/2020,600.57,298.98,46.03,945.58
16/06/2020,599.71,335.9,37.95,973.56
17/06/2020,600.33,331.9,45.44,977.67
18/06/2020,608.11,307.15,43.83,959.09
19/06/2020,593.04,297.77,38.18,928.99
20/06/2020,513.84,258.09,11.39,783.32
21/06/2020,503.88,215.46,11.64,730.97
22/06/2020,569.88,293.34,40.6,903.83
23/06/2020,559.68,325.09,38.61,923.38
24/06/2020,543.26,343.86,29.66,916.79
25/06/2020,575.03,364.15,41.63,980.81
26/06/2020,571.74,328.95,34.23,934.92
27/06/2020,508.64,275.18,10.19,794.01
28/06/2020,499.38,272.1,11.66,783.13
29/06/2020,572.33,315.66,45.04,933.03
30/06/2020,565.03,351.74,35.94,952.71
01/07/2020,574.47,403.67,41.37,1019.51
02/07/2020,591.02,391.57,37.74,1020.33
03/07/2020,578.28,385.77,37.79,1001.85
04/07/2020,504.22,269.88,11.87,785.97
05/07/2020,496.45,274.38,10.97,781.8
06/07/2020,578.19,377.02,44.64,999.85
07/07/2020,577.85,462.08,44.09,1084.02
08/07/2020,592.11,501.86,40.4,1134.37
09/07/2020,598.51,542.25,44.32,1185.08
10/07/2020,584.04,419.87,35.46,1039.37
11/07/2020,511.12,272.99,12.53,796.63
12/07/2020,503.57,267.25,13.77,784.59
13/07/2020,589.36,370.55,45.43,1005.33
14/07/2020,596.73,364.27,42.09,1003.09
15/07/2020,600.41,374.78,38.25,1013.43
16/07/2020,602,411.38,46.7,1060.07
17/07/2020,589.58,409.09,36.99,1035.67
18/07/2020,513.52,403.03,16.08,932.63
19/07/2020,504.91,356.91,15.69,877.52
20/07/2020,577.45,444.24,44.69,1066.38
21/07/2020,583.58,496.47,47.2,1127.25
22/07/2020,580.31,549.75,43.85,1173.91
23/07/2020,579.19,535.52,47.21,1161.92
24/07/2020,572.79,444.3,40.07,1057.16
25/07/2020,504.48,360.87,14.92,880.26
26/07/2020,496.97,335.84,14.86,847.67
27/07/2020,570.29,447.58,42.87,1060.74
28/07/2020,577.71,456.22,45.35,1079.28
29/07/2020,588.38,489.72,46.15,1124.26
30/07/2020,580.15,533.49,47.27,1160.91
31/07/2020,560.07,525.34,29.87,1115.28
01/08/2020,497.04,361.57,13.65,872.27
02/08/2020,491.49,281.56,13.84,786.88
03/08/2020,542.91,381.94,49.09,973.94
04/08/2020,538.83,412.73,42.51,994.07
05/08/2020,535.79,419.83,46.76,1002.37
06/08/2020,529.26,424.56,41.84,995.65
07/08/2020,520,412.03,38.74,970.77
08/08/2020,476.24,377.82,17.38,871.44
09/08/2020,460.11,347.74,13.03,820.87
10/08/2020,497.17,423.06,42.54,962.77
11/08/2020,512.56,435.9,44.61,993.08
12/08/2020,520.11,443.14,40.96,1004.21
13/08/2020,522.66,451.91,43.01,1017.58
14/08/2020,516.24,410.51,30.17,956.92
15/08/2020,473.23,261.5,14.31,749.04
16/08/2020,470.3,243.37,14.17,727.84
17/08/2020,528.41,379.06,48.69,956.16
18/08/2020,544.46,390.86,45.08,980.4
19/08/2020,541.52,304.3,41.54,887.36
20/08/2020,543.98,325.09,38.96,908.03
21/08/2020,538.85,346.01,39.14,924.01
22/08/2020,494.61,300.68,10.17,805.46
23/08/2020,495.49,241.26,16.14,752.88
24/08/2020,566.07,435.2,47.6,1048.87
25/08/2020,576.65,437,41.4,1055.06
26/08/2020,580.95,506.4,42.22,1129.57
27/08/2020,577.68,493.88,45.49,1117.04
28/08/2020,578.08,323.78,44.12,945.99
29/08/2020,529.48,207.67,14.5,751.66
30/08/2020,533.32,190.32,20.81,744.45
31/08/2020,606.27,394.64,49.5,1050.41
01/09/2020,619.16,421.42,46.33,1086.9
02/09/2020,613.57,388.1,48.58,1050.25
03/09/2020,615.19,401.18,51.01,1067.38
04/09/2020,614.82,364.24,37.65,1016.71
05/09/2020,544.1,247.53,17.32,808.95
06/09/2020,536.59,208.08,16.69,761.37
07/09/2020,623.94,248.37,44.87,917.18
08/09/2020,628.95,356.25,45.96,1031.17
09/09/2020,631.98,404.2,41.22,1077.39
10/09/2020,634.58,410.95,43.24,1088.77
11/09/2020,604.94,417.32,34.89,1057.15
12/09/2020,544.42,247.19,16.09,807.7
13/09/2020,539.47,260.32,14.94,814.73
14/09/2020,611.3,404.91,43.91,1060.13
15/09/2020,614.76,469.78,43.65,1128.18
16/09/2020,619.19,490.64,44.24,1154.07
17/09/2020,623.94,415.35,47.03,1086.32
18/09/2020,615.52,329.33,34.72,979.56
19/09/2020,550.65,229.29,11.31,791.25
20/09/2020,548.92,252.54,11.06,812.52
21/09/2020,625.95,451.72,48.16,1125.83
22/09/2020,635.08,444.06,47.24,1126.39
23/09/2020,639.14,363.16,43.71,1046.01
24/09/2020,640.6,216.88,42.41,899.89
25/09/2020,639.68,133.89,43.01,816.58
26/09/2020,559.96,94.93,16.08,670.97
27/09/2020,554.16,145.62,12.88,712.66
28/09/2020,639.94,335.3,44.23,1019.47
29/09/2020,652.09,437.45,46.3,1135.85
30/09/2020,655.35,369.56,47.21,1072.11
01/10/2020,653.77,196.43,46.95,897.15
02/10/2020,657.32,84.74,39.31,781.38
03/10/2020,589.35,86.94,17.2,693.49
04/10/2020,590.22,93.86,16.32,700.4
05/10/2020,689.05,183.43,47.36,919.83
06/10/2020,667.55,227.61,47.38,942.54
07/10/2020,671.64,336.78,46.15,1054.57
08/10/2020,671,352.47,49.33,1072.79
09/10/2020,648.94,339.63,40.2,1028.77
10/10/2020,588.97,144.83,4.82,738.62
11/10/2020,584.31,127.82,13.9,726.03
12/10/2020,608.91,164.39,25.68,798.98
13/10/2020,684.86,240.28,46.7,971.84
14/10/2020,726.54,198.48,44.29,969.31
15/10/2020,772.66,243.13,49.6,1065.4
16/10/2020,778.92,308.66,44.09,1131.67
17/10/2020,679.6,237.85,21.34,938.79
18/10/2020,656.22,189.15,13.04,858.41
19/10/2020,709.52,171.77,51.86,933.16
20/10/2020,709.52,168.85,49.48,927.85
21/10/2020,700.67,216.71,46.26,963.64
22/10/2020,714.44,308.85,50.36,1073.65
23/10/2020,723.75,235.13,43.98,1002.85
24/10/2020,657.28,106.6,16.98,780.85
25/10/2020,635.32,105.99,17.59,758.9
26/10/2020,769.23,180.07,49.93,999.23
27/10/2020,775.29,184.45,49.63,1009.37
28/10/2020,768.66,283.11,51.48,1103.26
29/10/2020,755.59,304.88,47.09,1107.56
30/10/2020,737.62,255.61,49.84,1043.06
31/10/2020,628.8,117.46,19.76,766.02
01/11/2020,602.59,134.63,12.02,749.24
02/11/2020,681.56,210.8,47.5,939.86
03/11/2020,763.1,182.68,46.54,992.32
04/11/2020,827.16,202.17,47.35,1076.68
05/11/2020,812.06,136.33,48.92,997.31
06/11/2020,752.12,120.31,45.24,917.67
07/11/2020,670.72,151.97,17.61,840.29
08/11/2020,677.44,147.83,15.14,840.4
09/11/2020,783.52,338.98,50.5,1173
10/11/2020,801.53,351.57,48.13,1201.23
11/11/2020,808.04,235.63,50.99,1094.66
12/11/2020,810.9,286.29,48.2,1145.38
13/11/2020,795.19,282.8,48.39,1126.38
14/11/2020,701.45,165.85,16.28,883.58
15/11/2020,667.43,130.77,16.24,814.45
16/11/2020,772.89,326.39,52.25,1151.53
17/11/2020,799.33,295.25,51.33,1145.9
18/11/2020,806.16,283.75,48.35,1138.27
19/11/2020,809.28,207.31,52.7,1069.29
20/11/2020,831.49,169.43,45.27,1046.19
21/11/2020,776.1,177.79,21.28,975.18
22/11/2020,788.57,254.37,16.33,1059.26
23/11/2020,916.89,357.45,50.58,1324.92
24/11/2020,936.12,356.17,54.65,1346.94
25/11/2020,932.94,322.18,53.32,1308.45
26/11/2020,909.22,287.93,53.37,1250.52
27/11/2020,895.2,369.64,42.8,1307.64
28/11/2020,804.78,301.13,23.35,1129.26
29/11/2020,801.08,294.69,20.1,1115.86
30/11/2020,928.33,338.45,50.17,1316.95
01/12/2020,945.44,291.15,54.47,1291.05
02/12/2020,988.84,264.36,49.5,1302.71
03/12/2020,1022.01,239.04,52.76,1313.81
04/12/2020,1032.22,252.04,50.52,1334.78
05/12/2020,965.41,179.06,25.6,1170.06
06/12/2020,939.25,152.09,23.27,1114.62
07/12/2020,947.4,120.17,42.82,1110.39
08/12/2020,962.01,141.37,33.63,1137.01
09/12/2020,1065.33,264.51,56.87,1386.71
10/12/2020,999.11,178.46,55.97,1233.54
11/12/2020,927.84,116.11,50.91,1094.86
12/12/2020,824.14,114.66,21.92,960.72
13/12/2020,827.26,171.14,24.11,1022.52
14/12/2020,936.17,279.24,53.53,1268.93
15/12/2020,940.34,263.29,55.68,1259.31
16/12/2020,967.84,316.25,51.86,1335.96
17/12/2020,960.91,359.55,53.65,1374.1
18/12/2020,955.94,276.16,48.93,1281.03
19/12/2020,851.13,196.1,27.04,1074.27
20/12/2020,842.25,152.48,20.93,1015.66
21/12/2020,932.47,245.78,56,1234.25
22/12/2020,900.18,200.88,54.47,1155.53
23/12/2020,853.96,214.03,51.58,1119.56
24/12/2020,716.87,163.74,22.26,902.87
25/12/2020,711.39,123.99,16.42,851.8
26/12/2020,834.78,113.68,23.99,972.45
27/12/2020,880.07,81.39,22.33,983.8
28/12/2020,918.23,75.32,48.36,1041.91
29/12/2020,945.29,123.57,50.53,1119.39
30/12/2020,944.43,205.52,49.23,1199.19
31/12/2020,851.89,152.7,22.6,1027.2
01/01/2021,802.85,130.1,15.81,948.76
02/01/2021,935.62,172.59,28.27,1136.49
03/01/2021,965.08,176.48,25.74,1167.3
04/01/2021,1086.67,298.91,56.43,1442.01
05/01/2021,1095.45,283.01,49.23,1427.69
06/01/2021,1049.18,227.76,26.73,1303.66
07/01/2021,1210.85,354.36,55.39,1620.61
08/01/2021,1229.06,180.87,52.04,1461.97
09/01/2021,1132.26,131.29,24.16,1287.72
10/01/2021,1103.84,123.53,25.12,1252.49
11/01/2021,1219.49,185.37,54.08,1458.94
12/01/2021,1241.9,316.5,56.11,1614.51
13/01/2021,1213.66,291.26,53.54,1558.46
14/01/2021,1198.95,228.19,58.51,1485.66
15/01/2021,1158.14,226.76,53.2,1438.1
16/01/2021,1035.42,188.48,30.04,1253.94
17/01/2021,1008.91,187.6,24.12,1220.63
18/01/2021,1099.87,338.61,57.12,1495.6
19/01/2021,1102.93,227.3,60.33,1390.56
20/01/2021,1075.52,102.12,55.32,1232.96
21/01/2021,1009,98.78,60.12,1167.9
22/01/2021,1009.52,94.24,50.93,1154.69
23/01/2021,902.45,83.32,25.22,1010.98
24/01/2021,860.93,95.22,19.21,975.36
25/01/2021,988.38,172.31,58.51,1219.2
26/01/2021,959.33,216.42,57.54,1233.29
27/01/2021,893.96,152.21,54.43,1100.61
28/01/2021,877.1,125.14,54.69,1056.93
29/01/2021,842.81,95.45,48.34,986.6
30/01/2021,756.46,77.19,20.86,854.51
31/01/2021,765.69,75.99,18.85,860.54
01/02/2021,842.1,84.78,55.39,982.27
02/02/2021,854.9,91.16,52.63,998.69
03/02/2021,871.1,115.18,54.01,1040.29
04/02/2021,887.72,204.87,51.99,1144.58
05/02/2021,874.77,129.36,44.02,1048.14
06/02/2021,805.93,92.27,19.67,917.87
07/02/2021,836.68,69.26,19.19,925.12
08/02/2021,940.7,78.07,57.78,1076.55
09/02/2021,955.58,71.03,53.76,1080.38
10/02/2021,936.87,123.51,55.43,1115.8
11/02/2021,914.18,172.04,54.23,1140.45
12/02/2021,885.35,92.27,48.78,1026.41
13/02/2021,781.17,112.78,19.99,913.94
14/02/2021,780.37,86.13,19.62,886.12
15/02/2021,887.05,86.13,49.79,1022.97
16/02/2021,898.6,129.7,52.83,1081.12
17/02/2021,876.35,119.97,50.79,1047.11
18/02/2021,875.9,110.79,51.9,1038.59
19/02/2021,827.69,91.94,45.5,965.12
20/02/2021,713.4,74.82,17.4,805.62
21/02/2021,764.17,104.8,16.73,885.69
22/02/2021,930.88,178.33,53.63,1162.84
23/02/2021,906.68,118.72,54.87,1080.27
24/02/2021,871.28,106.18,50.37,1027.84
25/02/2021,897.74,154.1,50.18,1102.01
26/02/2021,872.29,152.05,47.3,1071.64
27/02/2021,761.11,90.85,15.4,867.35
28/02/2021,777.77,85.34,20.94,884.06
01/03/2021,919.24,129.43,45.52,1094.2
02/03/2021,906.05,204.23,52.14,1162.42
03/03/2021,893.78,225.45,53.22,1172.46
04/03/2021,898.5,200.93,55.62,1155.05
05/03/2021,883.52,146.01,49.91,1079.45
06/03/2021,796.37,110.22,18.32,924.91
07/03/2021,807.45,135.13,21.09,963.67
08/03/2021,948.03,182.29,55.16,1185.48
09/03/2021,953.8,201.43,52.39,1207.62
10/03/2021,937.18,152.02,49.84,1139.04
11/03/2021,886.77,98.07,53.48,1038.33
12/03/2021,884.77,109.17,47.63,1041.57
13/03/2021,761.47,98.9,18.05,878.42
14/03/2021,774.75,106.09,19.87,900.71
15/03/2021,898.53,113.19,53.35,1065.06
16/03/2021,877.67,80.29,55.2,1013.16
17/03/2021,844.85,71.68,49.94,966.47
18/03/2021,916.09,87.68,44.87,1048.64
19/03/2021,915.41,87.23,35.12,1037.76
20/03/2021,849.27,86.92,22.12,958.31
21/03/2021,841.13,95.57,20.3,957
22/03/2021,933.48,161.9,54.03,1149.41
23/03/2021,895.96,235.68,51.69,1183.34
24/03/2021,872.87,224.66,50.66,1148.18
25/03/2021,853.41,221.91,50.81,1126.13
26/03/2021,835.42,177.06,45.81,1058.29
27/03/2021,718.99,126.57,18.64,864.2
28/03/2021,699.88,113.76,18.04,831.69
29/03/2021,776.39,131.03,54.52,961.94
30/03/2021,763.11,131.91,51.49,946.51
31/03/2021,736.27,134.75,42.27,913.3
01/04/2021,668.37,165.42,27.13,860.92
02/04/2021,638.42,175.8,17.63,831.84
03/04/2021,619.43,127.61,20.04,767.08
04/04/2021,626.72,109.59,14.57,750.88
05/04/2021,698.92,96.89,38.85,834.66
06/04/2021,779.38,129.91,48.69,957.98
07/04/2021,831.99,172.61,50.16,1054.76
08/04/2021,817.24,240.47,49.89,1107.6
09/04/2021,841.36,286.59,44.26,1172.21
10/04/2021,739.16,188.28,20.58,948.03
11/04/2021,752.93,118.11,18.06,889.1
12/04/2021,850.17,195.67,49,1094.84
13/04/2021,855.22,359.21,51.54,1265.98
14/04/2021,816.27,298.44,49.04,1163.76
15/04/2021,835.07,281.28,51.18,1167.53
16/04/2021,850.71,206.98,45.58,1103.28
17/04/2021,780.75,133.86,16.54,931.15
18/04/2021,741.34,182.57,19.43,943.34
19/04/2021,816.51,349.65,49.83,1215.99
20/04/2021,807.74,367.79,51.87,1227.39
21/04/2021,806.64,342.24,50.84,1199.72
22/04/2021,813,300.8,52.58,1166.38
23/04/2021,770.15,170.25,44.61,985.02
24/04/2021,688.05,128.08,16.9,833.02
25/04/2021,691.32,177.96,17.24,886.52
26/04/2021,780.62,304.69,55.72,1141.03
27/04/2021,783.98,319.63,52.04,1155.65
28/04/2021,785.21,284.22,51.26,1120.7
29/04/2021,791.25,262.21,53.69,1107.15
30/04/2021,776.88,255.91,33.38,1066.17
01/05/2021,691.21,148.45,12.03,851.69
02/05/2021,696.15,172.38,20.59,889.12
03/05/2021,780.3,216.64,50.43,1047.36
04/05/2021,753.43,193.73,51.3,998.45
05/05/2021,734.09,154.91,50.02,939.03
06/05/2021,712.79,157.03,51.26,921.08
07/05/2021,684.27,170.96,42.8,898.03
08/05/2021,582.34,92.42,12.52,687.28
09/05/2021,580.21,90.48,16.81,687.5
10/05/2021,702.8,115.9,48.75,867.45
11/05/2021,721.83,109.22,45.78,876.83
12/05/2021,718.6,97.45,48.94,864.98
13/05/2021,723.22,100.81,45.76,869.79
14/05/2021,708.75,114.72,41.17,864.64
15/05/2021,593.39,92.92,15.06,701.37
16/05/2021,583.39,104.71,17.37,705.47
17/05/2021,690.24,170.69,48.46,909.39
18/05/2021,696.8,144.05,48.7,889.56
19/05/2021,700.56,186.96,47.44,934.96
20/05/2021,689.91,215.63,46.24,951.78
21/05/2021,665.68,146.01,41.78,853.47
22/05/2021,593.03,131.61,15.97,740.61
23/05/2021,593.85,143.69,19.47,757
24/05/2021,675.22,125.95,50.11,851.28
25/05/2021,683.97,172.7,48.91,905.58
26/05/2021,685.47,216.8,48.43,950.7
27/05/2021,679.09,296.02,50.21,1025.32
28/05/2021,666.53,296.23,43.25,1006
29/05/2021,594.38,161.86,14.98,771.22
30/05/2021,581.61,152.59,20.61,754.81
31/05/2021,658.71,276.16,46.73,981.6
01/06/2021,669.86,307.64,49.21,1026.72
02/06/2021,668.24,305.22,44.89,1018.35
03/06/2021,669.85,236.71,48.98,955.54
04/06/2021,668.07,246.72,42.73,957.51
05/06/2021,592.12,213.44,16.41,821.96
06/06/2021,584.91,155.24,18.82,758.98
07/06/2021,654.28,299.84,45.68,999.79
08/06/2021,658.85,288.07,48.38,995.3
09/06/2021,653.34,257.37,44.9,955.61
10/06/2021,657.75,259.27,45.99,963
11/06/2021,639.7,192.2,42.41,874.32
12/06/2021,575.42,142.49,13.37,731.29
13/06/2021,559.49,213.24,18.24,790.96
14/06/2021,638.57,307.63,49.64,995.84
15/06/2021,646.15,332.29,46.17,1024.61
16/06/2021,649.55,377.11,43.95,1070.62
17/06/2021,667.23,393.94,47.56,1108.73
18/06/2021,656.65,331.4,42.33,1030.39
19/06/2021,579.02,223.54,10.93,813.5
20/06/2021,560,106.7,16.95,683.65
21/06/2021,645.87,249.04,46.81,941.72
22/06/2021,656.17,268.54,49.61,974.32
23/06/2021,650.58,240.94,45.69,937.2
24/06/2021,626.36,158.5,40.57,825.42
25/06/2021,625.28,197.72,41.32,864.33
26/06/2021,564.42,112.57,13.9,690.88
27/06/2021,556.78,109.44,15.68,681.9
28/06/2021,645.38,206.03,48.85,900.26
29/06/2021,652.67,290.7,48.15,991.52
30/06/2021,659.71,269.53,44.75,973.99
01/07/2021,648.53,341.92,45.67,1036.12
02/07/2021,634.32,290.61,38.74,963.66
03/07/2021,569.67,150.15,16.22,736.04
04/07/2021,558.49,129.16,14.4,702.05
05/07/2021,633.12,203.16,43.14,879.42
06/07/2021,638.68,261.46,45.17,945.32
07/07/2021,649.07,296.63,47.38,993.08
08/07/2021,655.37,322.46,44.29,1022.11
09/07/2021,642.27,300.25,38.25,980.78
10/07/2021,567.11,234.04,15.81,816.96
11/07/2021,554.53,176.24,14.76,745.53
12/07/2021,639.16,188.16,47.55,874.87
13/07/2021,652.62,210.99,45.78,909.4
14/07/2021,651.79,168.18,45.86,865.83
15/07/2021,649.02,154.78,46.04,849.84
16/07/2021,637.5,198.91,41.45,877.87
17/07/2021,571.29,181.46,18.64,771.39
18/07/2021,555.41,153.58,16.35,725.34
19/07/2021,633.16,324.5,48.94,1006.59
20/07/2021,638.28,378.44,47.71,1064.43
21/07/2021,633.28,409.37,49.41,1092.06
22/07/2021,630.87,335.69,47.89,1014.46
23/07/2021,621.93,263.45,42.48,927.86
24/07/2021,545.82,190.95,18.54,755.31
25/07/2021,552.8,211.93,16.64,781.37
26/07/2021,629.83,356.16,52.94,1038.93
27/07/2021,636.83,316.75,48.6,1002.18
28/07/2021,639.61,272.98,49.26,961.85
29/07/2021,634.78,268.14,51.64,954.56
30/07/2021,620.12,185.17,39.96,845.26
31/07/2021,549.46,131.9,17.75,699.11
01/08/2021,545.87,163.6,19.12,728.6
02/08/2021,600.33,241.81,48.49,890.63
03/08/2021,591.78,230.89,47.2,869.87
04/08/2021,591.32,256.74,47.79,895.85
05/08/2021,585.9,193.72,45.31,824.93
06/08/2021,575.48,191.12,41.53,808.14
07/08/2021,518.3,151.9,19.99,690.2
08/08/2021,516.71,170.04,17.46,704.21
09/08/2021,567.99,240.92,45.87,854.78
10/08/2021,569.54,314.36,47.18,931.09
11/08/2021,564.14,345.88,44.32,954.34
12/08/2021,561.22,360.81,46.16,968.19
13/08/2021,553.08,384.1,41.78,978.97
14/08/2021,513.23,378.81,18.69,910.73
15/08/2021,497.72,250.76,19.54,768.02
16/08/2021,546.95,222.81,39.74,809.5
17/08/2021,568.05,218.94,42.36,829.34
18/08/2021,583.09,216.04,42.99,842.11
19/08/2021,577.93,293.22,44.69,915.84
20/08/2021,572.38,304.97,40.28,917.63
21/08/2021,523.55,253.47,17.74,794.76
22/08/2021,517.28,199.63,18.18,735.1
23/08/2021,585.2,222.77,50.98,858.95
24/08/2021,599.38,287.72,47.7,934.8
25/08/2021,606.99,421.43,46.86,1075.28
26/08/2021,608.27,414.78,51.04,1074.09
27/08/2021,605.42,323.97,41.91,971.3
28/08/2021,551.42,195.84,18.01,765.27
29/08/2021,553.1,218.49,20.87,792.46
30/08/2021,634.87,368.16,48.95,1051.98
31/08/2021,641.24,364.68,50.52,1056.44
01/09/2021,650.28,384.36,51.83,1086.48
02/09/2021,650.69,405.97,47.88,1104.53
03/09/2021,636.58,415.22,39.98,1091.78
04/09/2021,571.34,312.66,18.06,902.06
05/09/2021,564.37,252.78,15.56,832.71
06/09/2021,632.37,350.43,50.28,1033.08
07/09/2021,640.06,320.46,47.79,1008.31
08/09/2021,636.36,362.63,46.45,1045.43
09/09/2021,644.77,447.04,47.95,1139.76
10/09/2021,642.08,465.07,42.18,1149.33
11/09/2021,576.7,387.01,15.74,979.45
12/09/2021,568.3,290.32,19.91,878.53
13/09/2021,645.52,413.74,47.91,1107.17
14/09/2021,651.79,518.3,50.59,1220.67
15/09/2021,654.84,578.02,46.18,1279.04
16/09/2021,657.7,453.16,46.74,1157.6
17/09/2021,640.01,421.48,42.43,1103.93
18/09/2021,572.97,229.17,14.86,816.99
19/09/2021,567.3,199.66,17.43,784.39
20/09/2021,653.13,200.73,45.43,899.29
21/09/2021,664.1,158.85,48.66,871.61
22/09/2021,674.99,234.43,47.53,956.95
23/09/2021,672.38,210.03,46.95,929.36
24/09/2021,658.42,322.93,41.68,1023.04
25/09/2021,583.55,232.68,14.74,830.97
26/09/2021,573.26,223.88,16.77,813.91
27/09/2021,650.13,391.04,51.24,1092.41
28/09/2021,662.4,346.07,48.32,1056.79
29/09/2021,660.64,266.17,48.8,975.61
30/09/2021,649.16,399.3,49.14,1097.61
01/10/2021,628.63,392.79,39.74,1061.16
02/10/2021,547.8,119.75,14.88,682.43
03/10/2021,553.01,116.81,16.1,685.92
04/10/2021,650.07,156.74,46.84,853.65
05/10/2021,665.34,287.36,48.06,1000.77
06/10/2021,660.49,327.42,48.81,1036.72
07/10/2021,658.97,344.88,45.94,1049.8
08/10/2021,644.52,332.67,41.16,1018.34
09/10/2021,573.04,179.58,17.97,770.59
10/10/2021,550.12,125.86,16.88,692.86
11/10/2021,590.27,188.83,41.63,820.74
12/10/2021,585.52,225.07,23.26,833.85
13/10/2021,654.95,276.84,45.44,977.23
14/10/2021,662.17,361.69,47.85,1071.71
15/10/2021,656.11,378.92,43.81,1078.84
16/10/2021,583.29,348.01,19.47,950.77
17/10/2021,571.06,358.21,16.86,946.13
18/10/2021,651.84,414.7,47.46,1113.99
19/10/2021,650.77,245.43,48.95,945.15
20/10/2021,653.63,224.23,47.49,925.34
21/10/2021,661.96,312.17,48.08,1022.2
22/10/2021,676.74,294.16,45.08,1015.98
23/10/2021,617.56,322.7,18.13,958.39
24/10/2021,618.63,317.83,13.62,950.08
25/10/2021,703.91,469.3,49.75,1222.96
26/10/2021,702.73,483.51,48.28,1234.52
27/10/2021,708.4,492.29,48.72,1249.4
28/10/2021,717.43,253.49,50.73,1021.65
29/10/2021,703.11,251.5,46.84,1001.44
30/10/2021,637.65,150.13,20.51,808.29
31/10/2021,571.9,100.45,9.52,681.87
01/11/2021,611.83,138.73,23.94,774.5
02/11/2021,752.48,279.08,51.69,1083.25
03/11/2021,806.1,357.54,48.21,1211.86
04/11/2021,846.43,391.95,53.79,1292.18
05/11/2021,871.49,300.35,48.05,1219.89
06/11/2021,775.44,174.99,24.08,974.51
07/11/2021,772.46,186.86,19.11,978.44
08/11/2021,843.64,299.3,51.24,1194.17
09/11/2021,859.94,445.39,50.2,1355.53
10/11/2021,871.11,627.45,51.19,1549.76
11/11/2021,869.49,650.87,52.66,1573.02
12/11/2021,829.03,572.42,48,1449.45
13/11/2021,721.86,360.9,24.55,1107.31
14/11/2021,730.07,240.51,19.41,989.99
15/11/2021,856.86,353.71,53.36,1263.92
16/11/2021,900.41,456.44,53.96,1410.81
17/11/2021,908.15,301.21,51.7,1261.05
18/11/2021,916.59,427.3,52.41,1396.3
19/11/2021,894.23,510.94,49.71,1454.88
20/11/2021,791.49,591.3,20.5,1403.28
21/11/2021,777.22,476.93,20.02,1274.18
22/11/2021,931.01,610.16,55.78,1596.96
23/11/2021,973.52,633.92,54.79,1662.23
24/11/2021,986.46,629.73,50.26,1666.45
25/11/2021,989.02,561.83,55.45,1606.3
26/11/2021,985.22,456.91,47.83,1489.96
27/11/2021,922.68,207.48,22.64,1152.8
28/11/2021,941.92,219.78,21.63,1183.33
29/11/2021,1010.79,573.78,54.14,1638.72
30/11/2021,993.98,742.12,55.85,1791.96
01/12/2021,1012.72,464.66,56.48,1533.86
02/12/2021,1018.1,395.27,56.88,1470.24
03/12/2021,987.01,448.3,54.79,1490.1
04/12/2021,857.96,228.32,27.87,1114.15
05/12/2021,849.16,157.76,20.65,1027.57
06/12/2021,861.58,277.87,31.31,1170.76
07/12/2021,895.82,226.6,50.33,1172.76
08/12/2021,923.8,116.45,29.26,1069.5
09/12/2021,1017.52,185.31,58.32,1261.14
10/12/2021,956.24,185.67,53.14,1195.05
11/12/2021,838.49,267.11,24.9,1130.5
12/12/2021,835.39,368.73,20.01,1224.13
13/12/2021,980.7,633.08,55.86,1669.64
14/12/2021,1005.92,686.03,56.37,1748.31
15/12/2021,998.54,572.14,53.26,1623.94
16/12/2021,1019.46,539.54,58.38,1617.38
17/12/2021,1016.69,588.41,55.85,1660.94
18/12/2021,918.14,475.66,31.38,1425.18
19/12/2021,910.78,372.32,21.29,1304.39
20/12/2021,1024.98,550.29,53.48,1628.75
21/12/2021,982.61,565.38,55.08,1603.07
22/12/2021,932.58,458.99,54.33,1445.9
23/12/2021,862.53,459.34,54.53,1376.41
24/12/2021,686.49,214.9,18.94,920.32
25/12/2021,615.66,190.71,8.53,814.89
26/12/2021,679.48,131.69,24.34,835.5
27/12/2021,705.64,66.89,50.42,822.96
28/12/2021,696.09,69.47,49.91,815.47
29/12/2021,712.33,108.01,48.05,868.38
30/12/2021,716.28,142.74,48.82,907.83
31/12/2021,623.89,103.22,22.14,749.26
01/01/2022,560.65,139.92,7.25,707.81
02/01/2022,683.33,257.95,15.06,956.34
03/01/2022,788.61,238.93,43.82,1071.35
04/01/2022,832.01,145.01,44.49,1021.51
05/01/2022,875.9,199.48,27.67,1103.05
06/01/2022,852.25,165.5,22.12,1039.88
07/01/2022,922.6,248.24,45.84,1216.68
08/01/2022,875.13,99,16.93,991.06
09/01/2022,828.77,105.37,18.35,952.49
10/01/2022,923.01,308.21,49.5,1280.71
11/01/2022,931.35,359.84,47.26,1338.45
12/01/2022,983.13,378.97,46.77,1408.87
13/01/2022,1031.71,539.51,50.28,1621.5
14/01/2022,1051.18,575.29,42.8,1669.27
15/01/2022,951.56,368.5,20.38,1340.43
16/01/2022,958.25,382.8,20.41,1361.47
17/01/2022,1072.25,625.82,52.5,1750.58
18/01/2022,1066.32,687.5,48.62,1802.43
19/01/2022,1057.79,597.7,53.89,1709.38
20/01/2022,1038,440.36,53.27,1531.63
21/01/2022,1053.24,307.37,48.92,1409.53
22/01/2022,947.22,400.56,21.27,1369.06
23/01/2022,942.26,415.5,19.32,1377.09
24/01/2022,1052.59,681.77,53.18,1787.54
25/01/2022,1040.14,649.3,53.39,1742.83
26/01/2022,1036.63,641.03,47.32,1724.99
27/01/2022,1022.84,547.83,51.87,1622.55
28/01/2022,995.2,377.68,39.8,1412.68
29/01/2022,876.52,298.58,21.44,1196.54
30/01/2022,865.94,303.51,17.71,1187.17
31/01/2022,972.37,202.13,44.57,1219.07
01/02/2022,961.25,253.09,53.68,1268.02
02/02/2022,921.1,574.99,49.16,1545.25
03/02/2022,920.99,599.47,50.78,1571.24
04/02/2022,910.75,437.12,41.32,1389.19
05/02/2022,816.11,195.95,17.97,1030.03
06/02/2022,835,219.92,18.25,1073.18
07/02/2022,930.87,333.79,50.01,1314.68
08/02/2022,914.18,500.7,51.51,1466.4
09/02/2022,915.58,540.35,46.1,1502.03
10/02/2022,927.47,592.93,51.28,1571.68
11/02/2022,896.59,544.39,39.63,1480.61
12/02/2022,804.4,370,17.57,1191.97
13/02/2022,791.48,130.55,18.83,940.86
14/02/2022,926.68,217.7,47.5,1191.88
15/02/2022,932.43,251.45,50.68,1234.56
16/02/2022,907.27,190,43.93,1141.2
17/02/2022,853.73,354.26,49.55,1257.54
18/02/2022,830.82,198.69,40.65,1070.16
19/02/2022,783.94,155.76,14.4,954.09
20/02/2022,786.77,206.48,16.87,1010.12
21/02/2022,862.3,242.18,52.47,1156.95
22/02/2022,855.12,299.62,43.87,1198.6
23/02/2022,856.39,408.36,45.13,1309.89
24/02/2022,869.26,290.7,48.36,1208.32
25/02/2022,885.12,203.42,43.7,1132.24
26/02/2022,802.57,302.43,16.42,1121.42
27/02/2022,767.28,335.22,15.26,1117.76
28/02/2022,840.17,396.69,40.86,1277.72
01/03/2022,845.08,373.67,47.08,1265.83
02/03/2022,857.9,313.34,46.08,1217.33
03/03/2022,896.49,222.38,46,1164.87
04/03/2022,891.05,200.85,40.47,1132.38
05/03/2022,789.54,194.83,19.68,1004.05
06/03/2022,816.06,199.05,17.44,1032.56
07/03/2022,916.65,361.86,51.44,1329.94
08/03/2022,900.01,330.82,47.94,1278.77
09/03/2022,874.92,282.19,45.77,1202.88
10/03/2022,837.81,216.02,48.31,1102.14
11/03/2022,844.8,209.01,44.48,1098.28
12/03/2022,746.74,146.1,25.7,918.53
13/03/2022,734.01,222.16,17.14,973.31
14/03/2022,869.64,183.84,37.73,1091.22
15/03/2022,804.65,240.63,37.05,1082.33
16/03/2022,814.6,296.47,38.85,1149.92
17/03/2022,839.45,132.55,39.79,1011.8
18/03/2022,820.23,241.87,38.85,1100.95
19/03/2022,718.08,158.48,20.17,896.74
20/03/2022,711.05,167.83,16.17,895.05
21/03/2022,815.35,283.98,43.21,1142.55
22/03/2022,839.38,234.07,43.54,1116.99
23/03/2022,849.09,200.44,45.38,1094.91
24/03/2022,853.69,241.25,44.01,1138.95
25/03/2022,806.89,278.71,41.42,1127.02
26/03/2022,703.28,244.06,17.78,965.12
27/03/2022,689.13,229.97,16.94,936.05
28/03/2022,773.05,395.74,46.83,1215.61
29/03/2022,780.71,479.26,46.19,1306.17
30/03/2022,811.49,288.36,49.37,1149.22
31/03/2022,817.63,124.83,47.44,989.9
01/04/2022,857.66,162.6,38.26,1058.52
02/04/2022,777.76,151.49,11.19,940.44
03/04/2022,805.2,121.74,15.4,942.35
04/04/2022,927.6,206.2,44.42,1178.22
05/04/2022,910.99,414.22,41.08,1366.29
06/04/2022,839.35,324.79,44.87,1209.01
07/04/2022,758.69,107.22,43.71,909.62
08/04/2022,703.37,127.41,35.4,866.18
09/04/2022,619.39,231.48,12.84,863.7
10/04/2022,565.53,119.08,11.69,696.3
11/04/2022,621.02,139.15,41.37,801.55
12/04/2022,657.71,365.28,39.81,1062.79
13/04/2022,636.04,245.81,28.54,910.39
14/04/2022,525.52,190.29,17.26,733.07
15/04/2022,468.7,197.43,11.67,677.8
16/04/2022,440.35,157.46,10.88,608.69
17/04/2022,433.59,140.4,9.19,583.17
18/04/2022,498.63,94.35,29.71,622.69
19/04/2022,593.66,103.86,37.61,735.13
20/04/2022,657.63,107.59,28.04,793.26
21/04/2022,674.48,162.92,39.11,876.51
22/04/2022,693.99,171.02,31.7,896.7
23/04/2022,611.09,114.11,13.57,738.76
24/04/2022,577.81,243.66,10.29,831.76
25/04/2022,647.34,362.48,41.03,1050.85
26/04/2022,655.79,443.93,35.53,1135.25
27/04/2022,669.92,428.12,34.62,1132.67
28/04/2022,680.04,295.58,35.75,1011.37
29/04/2022,627.88,275.09,26.09,929.05
30/04/2022,519.47,198.79,12.62,730.87
01/05/2022,487.59,170.88,13.27,671.73
02/05/2022,607.12,150.49,30.56,788.18
03/05/2022,663.6,156.86,40.12,860.59
04/05/2022,665.5,156.79,38.09,860.38
05/05/2022,636.67,155.73,36.97,829.37
06/05/2022,619.62,130.56,29,779.19
07/05/2022,530.25,131.79,15.21,677.26
08/05/2022,517.14,182.26,13.23,712.63
09/05/2022,604.92,230.65,39.24,874.81
10/05/2022,601.45,258.65,35.58,895.68
11/05/2022,600.16,290.59,33.05,923.8
12/05/2022,602.52,344.45,35.76,982.73
13/05/2022,584.76,354.85,30.14,969.75
14/05/2022,502.13,215.72,11.89,729.74
15/05/2022,478.29,118.46,8.48,605.22
16/05/2022,561.57,291.42,36.81,889.8
17/05/2022,560.74,361.28,33.42,955.44
18/05/2022,568.16,394.81,35.78,998.75
19/05/2022,572.88,323.83,33.5,930.21
20/05/2022,560.24,303.13,28.26,891.63
21/05/2022,483.75,215.63,9.05,708.42
22/05/2022,470.06,208.46,10.69,689.22
23/05/2022,558.81,238.83,35.95,833.59
24/05/2022,576.16,261.23,32.3,869.69
25/05/2022,574.79,246.24,33.46,854.49
26/05/2022,566.69,159.55,37.17,763.42
27/05/2022,537.67,165.53,28.13,731.33
28/05/2022,463.77,183.02,10.76,657.56
29/05/2022,470.67,228.09,10,708.76
30/05/2022,561.77,432.14,35,1028.91
31/05/2022,572.16,434.85,33.05,1040.07
01/06/2022,565.39,409.42,33.69,1008.5
02/06/2022,573.55,424.52,37.46,1035.54
03/06/2022,558.38,432.7,32.53,1023.61
04/06/2022,503.7,303.62,8.98,816.3
05/06/2022,480.8,285.55,9.37,775.73
06/06/2022,538.05,319.68,30.83,888.56
07/06/2022,557.25,426.84,35.44,1019.53
08/06/2022,563.53,406.08,34.44,1004.05
09/06/2022,561.27,356.03,33.44,950.73
10/06/2022,547.15,341.33,25.32,913.81
11/06/2022,474.31,201.01,12.31,687.63
12/06/2022,467.05,184.94,9.75,661.73
13/06/2022,547.39,479,37.7,1064.09
14/06/2022,546.64,673.33,31.38,1251.35
15/06/2022,529.42,763.69,32.52,1325.62
16/06/2022,515.84,769.75,32.43,1318.01
17/06/2022,494.58,688.93,25.62,1209.13
18/06/2022,417.59,376.12,8.72,802.43
19/06/2022,429.46,357.99,10.2,797.65
20/06/2022,505.46,605.19,34.34,1144.98
21/06/2022,515.81,667.62,34.68,1218.11
22/06/2022,519.37,686.05,33.02,1238.44
23/06/2022,501.72,544.3,34.78,1080.8
24/06/2022,463.88,343.02,24.78,831.68
25/06/2022,425.78,279.65,8.65,714.08
26/06/2022,429.45,203.14,9.17,641.75
27/06/2022,506.05,321.72,37.14,864.9
28/06/2022,502.35,512.42,34.86,1049.62
29/06/2022,494.5,380.03,35.35,909.88
30/06/2022,488.06,382.02,32.06,902.14
01/07/2022,474.33,404.53,28.71,907.57
02/07/2022,406.15,332.47,9,747.62
03/07/2022,402.56,324.89,7.32,734.78
04/07/2022,477,447.42,34.17,958.59
05/07/2022,480.73,395,33.18,908.91
06/07/2022,483.04,347.08,30.03,860.15
07/07/2022,475.5,299.84,33.56,808.9
08/07/2022,459.9,381.02,25.39,866.31
09/07/2022,400.35,405.24,6.37,811.96
10/07/2022,394.82,495.63,9.17,899.63
11/07/2022,456.91,641.8,33.67,1132.38
12/07/2022,456.37,735.37,33.79,1225.52
13/07/2022,453.89,803.83,28.29,1286.01
14/07/2022,458.82,773.32,33.03,1265.17
15/07/2022,444.38,753.49,22.62,1220.48
16/07/2022,383.13,691.47,8.5,1083.1
17/07/2022,370,633.97,10.25,1014.22
18/07/2022,436.66,673.18,32.83,1142.67
19/07/2022,446.82,594.54,32.85,1074.22
20/07/2022,447.96,638.88,32,1118.85
21/07/2022,443.62,642.83,34.48,1120.92
22/07/2022,424.88,590.84,27.3,1043.02
23/07/2022,364.12,608.23,9.33,981.69
24/07/2022,355.27,563.12,7.18,925.57
25/07/2022,409.2,637.89,29.37,1076.46
26/07/2022,431.27,617.01,32.9,1081.18
27/07/2022,433.89,637.19,33.38,1104.46
28/07/2022,434.3,642.71,37.26,1114.27
29/07/2022,422.46,612.07,29.62,1064.14
30/07/2022,358.84,422.37,12.23,793.44
31/07/2022,345.95,448.03,7.96,801.94
01/08/2022,374.52,640.96,22.45,1037.94
02/08/2022,374.38,711.56,29.5,1115.44
03/08/2022,375.2,683.81,26.69,1085.7
04/08/2022,373.41,598.37,32.38,1004.17
05/08/2022,359.67,515.39,25.3,900.36
06/08/2022,311.23,498.31,7.01,816.55
07/08/2022,302.44,493.04,7.79,803.26
08/08/2022,352.77,619.22,30.22,1002.21
09/08/2022,348.97,637.77,30.3,1017.04
10/08/2022,354.99,632.71,22.66,1010.35
11/08/2022,353.59,659.17,28.65,1041.42
12/08/2022,351.01,676.4,26.2,1053.62
13/08/2022,320.34,534.32,10.77,865.42
14/08/2022,308.32,390.47,5.24,704.03
15/08/2022,315.58,389.26,15.76,720.61
16/08/2022,360.92,366.44,29.12,756.49
17/08/2022,369.41,294.75,29.46,693.63
18/08/2022,360.49,272.29,31.92,664.7
19/08/2022,353.9,379.2,25.44,758.54
20/08/2022,317.72,453.08,9.35,780.15
21/08/2022,311.15,308.68,11.65,631.48
22/08/2022,372.61,385.91,30.37,788.89
23/08/2022,377.8,621.3,32.7,1031.8
24/08/2022,381.03,648.52,30.25,1059.8
25/08/2022,384.41,519.2,31.27,934.89
26/08/2022,374.92,462.15,25.85,862.92
27/08/2022,336.19,555.01,8.45,899.64
28/08/2022,323.37,495.01,11.34,829.72
29/08/2022,389.21,673.12,35.67,1097.99
30/08/2022,402.28,768.68,34.59,1205.55
31/08/2022,405.98,756.58,35.3,1197.85
01/09/2022,396.2,767.64,30.92,1194.76
02/09/2022,382.59,698.45,24.96,1105.99
03/09/2022,325.6,529.12,11.43,866.15
04/09/2022,321.54,364.23,9.83,695.6
05/09/2022,380.51,511.67,32.1,924.28
06/09/2022,393.45,604.68,30.86,1029
07/09/2022,392.22,659.05,31.02,1082.29
08/09/2022,389.6,678.85,32.77,1101.22
09/09/2022,384.08,690.68,25.26,1100.02
10/09/2022,328.73,621.63,8.51,958.87
11/09/2022,321.1,507.52,9.59,838.21
12/09/2022,389.61,567.44,32.79,989.84
13/09/2022,399.75,495.65,30.59,925.99
14/09/2022,407.69,670.02,29.17,1106.88
15/09/2022,406.22,698.11,34.25,1138.58
16/09/2022,389.35,480.93,23.91,894.19
17/09/2022,330.08,398,8.23,736.31
18/09/2022,335.67,398.85,10.03,744.55
19/09/2022,414.21,601.28,35.97,1051.46
20/09/2022,431.65,630.24,33.08,1094.96
21/09/2022,414.33,644.05,31.55,1089.93
22/09/2022,423.72,659.54,30.81,1114.08
23/09/2022,418.64,562.76,24.76,1006.16
24/09/2022,353.55,268.79,9.38,631.72
25/09/2022,354.46,229.31,10.15,593.93
26/09/2022,435.36,426.79,30.33,892.47
27/09/2022,438.37,362.93,28.79,830.08
28/09/2022,437.95,269.89,31.75,739.59
29/09/2022,439.92,320.78,26.52,787.23
30/09/2022,440.99,415.66,22.72,879.37
01/10/2022,440.99,415.66,22.72,879.37
03/10/2022,447.57,721.45,39.09,1208.11
04/10/2022,453.54,747.5,32.13,1233.18
05/10/2022,448.91,626.42,31.9,1107.24
06/10/2022,446.93,591.12,34.09,1072.14
07/10/2022,437.2,651.57,28.85,1117.62
08/10/2022,369.92,501.81,12.41,884.14
09/10/2022,356.13,499.82,8.78,864.74
10/10/2022,435.32,756.67,35.85,1227.84
11/10/2022,431.07,710.58,28.11,1169.75
12/10/2022,380.72,611.7,13.69,1006.11
13/10/2022,429.01,669.06,38.87,1136.94
14/10/2022,425.12,606.47,29.08,1060.67
15/10/2022,363.41,435.18,9.7,808.29
16/10/2022,352.45,296.6,7.9,656.95
17/10/2022,431.8,473.17,37.07,942.05
18/10/2022,430.72,420.11,34.32,885.15
19/10/2022,426.19,412.47,33.41,872.06
20/10/2022,443.87,402.87,36.62,883.35
21/10/2022,446.05,483.47,30.61,960.13
22/10/2022,394.36,219.21,11.06,624.63
23/10/2022,390.86,172.92,9.34,573.12
24/10/2022,463.13,396.54,30.5,890.16
25/10/2022,457.86,365.77,34.37,858
26/10/2022,457.07,427.64,35.13,919.84
27/10/2022,452.88,246.71,36.25,735.85
28/10/2022,439.24,246.62,30.24,716.1
29/10/2022,396.87,219.28,14.38,630.53
30/10/2022,372.42,287.13,8.77,668.32
31/10/2022,404.78,243.22,25.58,673.58
01/11/2022,409.72,381.38,13.29,804.38
02/11/2022,494.27,410.91,37.74,942.92
03/11/2022,522.93,305.91,37.96,866.8
04/11/2022,540.79,387.95,34.4,963.14
05/11/2022,483.16,414.04,13.72,910.92
06/11/2022,483.17,267.24,12.05,762.46
07/11/2022,567.48,292.12,36.96,896.55
08/11/2022,577.84,341.15,34.9,953.89
09/11/2022,584.56,617.76,42.71,1245.03
10/11/2022,601.72,578.37,35.27,1215.36
11/11/2022,578.53,335.58,25.09,939.2
12/11/2022,499.92,233.82,18.13,751.87
13/11/2022,492.95,303.54,12.26,808.75
14/11/2022,584.36,402.14,35.65,1022.14
15/11/2022,586.67,200.43,39.53,826.63
16/11/2022,589.8,168.88,36.83,795.51
17/11/2022,583.07,222.26,40.68,846.02
18/11/2022,620.4,255.73,34.12,910.24
19/11/2022,569.36,167.63,15.39,752.39
20/11/2022,560.3,174.31,11.94,746.55
21/11/2022,680.6,125.26,39.19,845.06
22/11/2022,713.91,151.39,39.5,904.79
23/11/2022,659.02,299.67,44.8,1003.49
24/11/2022,661.84,410.95,41,1113.79
25/11/2022,644.59,310.81,34.7,990.1
26/11/2022,585.8,266.62,16.65,869.07
27/11/2022,590.08,220.07,13.45,823.61
28/11/2022,690.96,232.75,39.31,963.02
29/11/2022,705.02,458.51,41.86,1205.39
30/11/2022,724.37,576.77,39.33,1340.46
01/12/2022,728.73,427.99,48.62,1205.34
02/12/2022,748.94,613.38,39.33,1401.66
03/12/2022,667.23,511.68,21.05,1199.96
04/12/2022,663.29,444.28,15.53,1123.1
05/12/2022,726.95,526.37,36.87,1290.19
06/12/2022,647.31,718.57,25.35,1391.23
07/12/2022,670.3,638.83,29.81,1338.94
08/12/2022,628.07,334.79,22.51,985.37
09/12/2022,637.22,384.45,32.4,1054.07
10/12/2022,611.36,294.34,17.09,922.79
11/12/2022,663.56,283.57,16.96,964.1
12/12/2022,730.8,124.37,36.68,891.85
13/12/2022,677.59,188.51,38.19,904.29
14/12/2022,654.46,200.25,37.82,892.53
15/12/2022,651.05,339.79,43.43,1034.28
16/12/2022,660.4,322.54,36.03,1018.98
17/12/2022,581.27,317.12,13.78,912.17
18/12/2022,579.72,122.33,14.16,716.2
19/12/2022,659.87,132.88,41.25,834.01
20/12/2022,653.72,158.25,39.02,851
21/12/2022,608.96,137.9,38.82,785.69
22/12/2022,560.34,128.07,37.92,726.33
23/12/2022,479.57,143.18,29.05,651.8
24/12/2022,381.59,147.81,7.49,536.9
25/12/2022,353.21,158.59,2.8,514.6
26/12/2022,429.87,247.51,18.59,695.97
27/12/2022,499.09,201.31,27.88,728.28
28/12/2022,496.64,145.53,29.23,671.4
29/12/2022,490.92,119.63,30.44,640.99
30/12/2022,444.66,104.81,24.48,573.95
31/12/2022,384.11,125.24,7.19,516.53
01/01/2023,380.26,140.29,7.49,528.04
02/01/2023,545.92,317.24,25.94,889.09
03/01/2023,632.07,287.95,36.41,956.43
04/01/2023,662.18,251.59,41.06,954.83
05/01/2023,649.41,307.42,23.96,980.8
06/01/2023,599.8,180.6,10.51,790.92
07/01/2023,595.06,121.54,13.58,730.18
08/01/2023,575.4,113.09,15.67,704.16
09/01/2023,704.53,171.68,39,915.21
10/01/2023,736.17,178.74,38.51,953.42
11/01/2023,755.02,198.67,36.73,990.43
12/01/2023,765.1,191.2,40.88,997.18
13/01/2023,734.72,210.17,32.57,977.46
14/01/2023,623.51,135.49,16.66,775.65
15/01/2023,640.81,89.74,16.38,746.93
16/01/2023,766.55,106.45,39.01,912.01
17/01/2023,766.92,90.19,41.08,898.18
18/01/2023,831.18,129.13,39.14,999.45
19/01/2023,832.15,117.13,45.71,995
20/01/2023,773.78,225.9,35.33,1035.01
21/01/2023,705.24,122.82,14.51,842.57
22/01/2023,743.18,126.58,18.81,888.57
23/01/2023,892.43,180.88,43.42,1116.73
24/01/2023,929.55,266.05,43.06,1238.66
25/01/2023,906.12,223.34,42.24,1171.69
26/01/2023,894.95,186.51,46.53,1127.99
27/01/2023,883.82,175.11,35.69,1094.62
28/01/2023,779.48,148.33,17.74,945.54
29/01/2023,791.33,198.12,19.27,1008.72
30/01/2023,928.72,304.54,42.87,1276.14
31/01/2023,921.86,287.32,38.16,1247.33
01/02/2023,901,248.69,47.63,1197.32
02/02/2023,894.91,353.9,48.77,1297.57
03/02/2023,867.84,362.94,40.04,1270.82
04/02/2023,745.37,165.48,18.1,928.95
05/02/2023,727.63,162.58,16.33,906.54
06/02/2023,890.3,214.99,43.89,1149.17
07/02/2023,941.79,347.52,40.8,1330.11
08/02/2023,922.35,385.06,43.03,1350.44
09/02/2023,916.28,407.01,45.02,1368.3
10/02/2023,911.62,363.96,37.55,1313.13
11/02/2023,806.3,258.84,18.85,1083.98
12/02/2023,791.6,278.45,16.49,1086.54
13/02/2023,886.03,365.58,44.26,1295.87
14/02/2023,883.61,377.26,45.12,1305.98
15/02/2023,850.55,480.38,42.74,1373.67
16/02/2023,852.51,406.35,46.84,1305.69
17/02/2023,821.5,325.91,37.82,1185.23
18/02/2023,715.13,229.14,18.02,962.29
19/02/2023,684.25,250.99,14.38,949.62
20/02/2023,756.93,376.67,43.6,1177.2
21/02/2023,765.45,462.19,40.29,1267.94
22/02/2023,772.95,442.03,40.87,1255.85
23/02/2023,860.2,373.52,40.52,1274.24
24/02/2023,856.21,440.49,40.05,1336.76
25/02/2023,779.49,289.17,19.08,1087.74
26/02/2023,782.67,148.7,17.04,948.42
27/02/2023,979.62,199.42,36.99,1216.03
28/02/2023,971.67,274.01,35.69,1281.36
01/03/2023,988.37,424.88,49.65,1462.9
02/03/2023,981.81,409.11,49.75,1440.67
03/03/2023,922.26,391.02,40.71,1353.99
04/03/2023,791.19,345.28,21.95,1158.42
05/03/2023,792.2,434.39,18.23,1244.82
06/03/2023,848.08,432.4,44.5,1324.99
07/03/2023,810.1,131.22,47.75,989.08
08/03/2023,740.35,99.72,48.04,888.11
09/03/2023,706.51,70.56,45.83,822.9
10/03/2023,655.38,74.42,37.48,767.28
11/03/2023,553.5,93.36,14.61,661.47
12/03/2023,542.19,123.67,12.74,678.6
13/03/2023,614.34,94.77,45.35,754.46
14/03/2023,662.84,220.63,47.06,930.54
15/03/2023,685.46,275.07,41.88,1002.41
16/03/2023,657.75,138.57,45.46,841.78
17/03/2023,661.32,142.68,39.32,843.33
18/03/2023,599.52,149.67,18.31,767.51
19/03/2023,590.34,258.91,13.57,862.82
20/03/2023,670.65,301.86,44.61,1017.12
21/03/2023,668.14,285.4,43.19,996.73
22/03/2023,659.67,174.38,45.75,879.8
23/03/2023,640.98,128.33,50.11,819.41
24/03/2023,622.33,144.62,34.35,801.3
25/03/2023,509.78,106.45,18.13,634.36
26/03/2023,522.14,122.93,10.66,655.73
27/03/2023,654.74,251.04,49.16,954.95
28/03/2023,647.05,207.38,43.19,897.62
29/03/2023,615.52,121.77,43.72,781.01
30/03/2023,594.91,103.6,44.41,742.92
31/03/2023,562.91,111.37,23.58,697.86
01/04/2023,510.8,120.08,17.5,648.37
02/04/2023,524.91,130.58,11.49,666.98
03/04/2023,610.41,173.83,46.32,830.56
04/04/2023,614.8,118.53,45.3,778.64
05/04/2023,611.89,169.47,42.02,823.39
06/04/2023,531,186.89,23.96,741.85
07/04/2023,489.53,219.19,14.46,723.18
08/04/2023,472.38,233.93,14.12,720.44
09/04/2023,475.11,204.7,11.22,691.03
10/04/2023,523.23,167.45,31.92,722.59
11/04/2023,584.56,152.18,44.86,781.61
12/04/2023,598.48,123.93,43.73,766.14
13/04/2023,627.94,121.9,45.52,795.37
14/04/2023,605.59,94.05,37.9,737.54
15/04/2023,516.8,113.32,12.05,642.18
16/04/2023,516.03,141.97,11.52,669.52
17/04/2023,615.1,139.38,40.54,795.02
18/04/2023,636.1,184.16,42.31,862.57
19/04/2023,626.7,267.57,46.45,940.72
20/04/2023,623.64,302.48,38.18,964.3
21/04/2023,606.26,219.44,36.12,861.82
22/04/2023,524.89,162.86,15.97,703.72
23/04/2023,511.65,165.05,11.98,688.69
24/04/2023,596.47,238.46,41.83,876.76
25/04/2023,593.8,279.25,39.21,912.27
26/04/2023,593.37,385.79,38.83,1017.99
27/04/2023,589.38,396.45,40.57,1026.41
28/04/2023,570.31,319.95,30.18,920.44
29/04/2023,493.63,217.31,15.48,726.42
30/04/2023,463.67,213.8,7.64,685.11
01/05/2023,466.71,211.99,15.05,693.76
02/05/2023,555.6,298.48,40.36,894.44
03/05/2023,562.84,195.69,37.03,795.56
04/05/2023,568.36,209.9,37.69,815.96
05/05/2023,560.66,274.33,32.25,867.24
06/05/2023,481.05,200.01,15.9,696.96
07/05/2023,467.71,195.8,11.19,674.7
08/05/2023,548.18,264.46,36.78,849.42
09/05/2023,544.81,221.46,38.95,805.23
10/05/2023,561.13,211.03,36.36,808.52
11/05/2023,570.09,205.32,41.3,816.72
12/05/2023,570.06,191.17,30.23,791.46
13/05/2023,482.67,174.18,15.1,671.95
14/05/2023,470.1,183.24,7.62,660.95
15/05/2023,544.61,175.04,41.08,760.73
16/05/2023,559.49,162.13,31.05,752.67
17/05/2023,566.35,145.35,29.28,740.98
18/05/2023,570.96,151.11,36.76,758.84
19/05/2023,561.6,147.62,31.18,740.4
20/05/2023,475.81,146.91,14.56,637.28
21/05/2023,468.71,187.93,11.06,667.7
22/05/2023,572.77,236.36,40.26,849.39
23/05/2023,576.52,266.8,36.26,879.57
24/05/2023,584.03,254.52,38.64,877.18
25/05/2023,573.07,179.95,39.51,792.53
26/05/2023,556.59,196.58,33.56,786.73
27/05/2023,485.91,296.11,15.07,797.09
28/05/2023,475.89,277.08,11.46,764.44
29/05/2023,562.91,324.94,42.2,930.06
30/05/2023,569.34,383.8,36.93,990.08
31/05/2023,561.65,356.03,34.33,952.01
01/06/2023,564.6,327.63,41.48,933.71
02/06/2023,550.66,326.96,34.1,911.72
03/06/2023,475.48,273.4,17.82,766.7
04/06/2023,464.07,261.32,14.55,739.94
05/06/2023,543.39,358.16,42.68,944.23
06/06/2023,566.22,297.46,39.06,902.74
07/06/2023,570.46,337.12,38.23,945.82
08/06/2023,571.74,312.81,38.74,923.28
09/06/2023,553.51,251.07,31.11,835.69
10/06/2023,478.48,235.93,18.6,733.01
11/06/2023,471.02,278.64,10.18,759.84
12/06/2023,564.1,402.34,39.59,1006.03
13/06/2023,569.88,277.8,39.84,887.51
14/06/2023,566.52,289.27,38.69,894.49
15/06/2023,569.31,341.07,39.44,949.82
16/06/2023,546.09,360.96,31.08,938.12
17/06/2023,466.78,224.3,14.14,705.22
18/06/2023,464.22,267.75,13.61,745.59
19/06/2023,551.26,386.61,39.79,977.66
20/06/2023,550.83,471.49,37.6,1059.92
21/06/2023,550.86,466.92,38.42,1056.2
22/06/2023,540.02,422.88,41.42,1004.32
23/06/2023,513.91,321.02,33.84,868.77
24/06/2023,431.89,251.18,12.77,695.84
25/06/2023,429.02,234.16,11.56,674.74
26/06/2023,510.34,277.03,39.83,827.2
27/06/2023,527.28,304.61,34.52,866.41
28/06/2023,537.98,424.24,33.23,995.46
29/06/2023,535.29,270.47,38.31,844.07
30/06/2023,515.45,241.95,31.01,788.41
01/07/2023,411.61,171.67,16.12,599.4
02/07/2023,408.46,190.99,10.51,609.96
03/07/2023,512.95,326.95,38.63,878.53
04/07/2023,516.03,347.46,36.74,900.22
05/07/2023,517.58,377.11,36.25,930.94
06/07/2023,521.8,394.95,37.41,954.16
07/07/2023,513.41,291.02,31.23,835.65
08/07/2023,428.67,312.51,12.95,754.13
09/07/2023,426.62,335.35,12.62,774.59
10/07/2023,507.03,519.05,41.33,1067.41
11/07/2023,508.54,430.79,36.41,975.74
12/07/2023,515.43,432.02,34.71,982.16
13/07/2023,519.56,485.14,35.63,1040.33
14/07/2023,493.69,309.1,32.51,835.3
15/07/2023,406.61,184.31,13.64,604.56
16/07/2023,412.34,229.1,13.57,655.02
17/07/2023,506.66,439.59,37.04,983.28
18/07/2023,514.57,556.39,38,1108.96
19/07/2023,523.95,512.44,34.4,1070.79
20/07/2023,526.3,400.62,39.17,966.08
21/07/2023,510.26,303.82,32.95,847.03
22/07/2023,435.85,241.45,15.41,692.71
23/07/2023,406.6,216.63,15.22,638.45
24/07/2023,490.17,285.18,38.7,814.05
25/07/2023,502.36,282.37,35.72,820.45
26/07/2023,518.63,365.2,34.37,918.2
27/07/2023,515.79,368.47,38.68,922.94
28/07/2023,500.06,353.1,29.98,883.14
29/07/2023,420.28,222.96,18.34,661.58
30/07/2023,407.55,237.62,15.32,660.5
31/07/2023,473.12,300.52,39.75,813.4
01/08/2023,481.16,307.11,34.15,822.42
02/08/2023,483.97,213.85,35.36,733.18
03/08/2023,480.64,226.72,36.89,744.24
04/08/2023,465.29,238.48,30.67,734.43
05/08/2023,400.58,187.71,15.4,603.7
06/08/2023,377.42,154.68,14.13,546.23
07/08/2023,450.52,222.48,38.28,711.28
08/08/2023,456.73,382.65,34.44,873.82
09/08/2023,451.81,485.67,33.58,971.06
10/08/2023,452.89,382.81,34.5,870.2
11/08/2023,437.11,350.99,31.39,819.48
12/08/2023,389.27,241.37,15.96,646.6
13/08/2023,372.17,237.62,13.4,623.2
14/08/2023,409.59,297.7,22.48,729.78
15/08/2023,398.43,280.88,14.48,693.79
16/08/2023,443.75,366.8,35.37,845.91
17/08/2023,447.13,381.65,33.72,862.5
18/08/2023,439.12,342.23,31.51,812.86
19/08/2023,391.07,372.91,12.23,776.21
20/08/2023,384.39,378.57,14.93,777.89
21/08/2023,449.99,516.29,32.92,999.21
22/08/2023,458.5,526.27,32.49,1017.26
23/08/2023,463.55,596.85,39.6,1100
24/08/2023,462.24,583.99,37.73,1083.96
25/08/2023,464.22,554.34,32.34,1050.89
26/08/2023,413.41,289.9,11.84,715.15
27/08/2023,388.65,177.93,12.01,578.59
28/08/2023,483.73,227.32,38.74,749.79
29/08/2023,499.88,261.12,36.51,797.51
30/08/2023,507.37,286.54,38.24,832.15
31/08/2023,517.97,372.9,39.36,930.23
01/09/2023,500.25,304.37,33.82,838.44
02/09/2023,437.91,223.77,14.51,676.19
03/09/2023,415.64,179.88,14.63,610.14
04/09/2023,504.09,262.03,38.48,804.59
05/09/2023,525.68,397.5,37.28,960.47
06/09/2023,532.55,413,37.23,982.78
07/09/2023,538.5,414.06,40.99,993.54
08/09/2023,510.5,378.18,31.72,920.4
09/09/2023,448.88,285.76,12.18,746.81
10/09/2023,445,326.71,15.78,787.48
11/09/2023,519.29,458.38,34.82,1012.49
12/09/2023,545.13,464.49,37.3,1046.92
13/09/2023,556.75,420.82,38,1015.56
14/09/2023,559.71,423.59,41.3,1024.59
15/09/2023,545.78,404.91,35.71,986.41
16/09/2023,457.58,221.01,13.85,692.45
17/09/2023,438.79,196.28,13.93,648.99
18/09/2023,542.32,348.52,38.65,929.49
19/09/2023,567.22,412.19,37.29,1016.7
20/09/2023,552.33,220.67,37.25,810.26
21/09/2023,553.13,231.78,40.85,825.76
22/09/2023,547.08,271.07,35.13,853.28
23/09/2023,477.12,278.97,14.91,771
24/09/2023,465.17,267.09,14.58,746.84
25/09/2023,554.31,368.66,37.04,960.02
26/09/2023,558.5,382.62,40.11,981.23
27/09/2023,557.89,375.49,39.65,973.02
28/09/2023,562.7,412.27,42.95,1017.92
29/09/2023,539.11,404.01,29.76,972.89
30/09/2023,457.9,308.45,16.38,782.73
01/10/2023,452.17,294.72,15.24,762.13
02/10/2023,539.48,388.63,39.99,968.1
03/10/2023,540.18,331.26,38.3,909.74
04/10/2023,550.4,422.39,38.28,1011.08
05/10/2023,560.99,456.91,41.41,1059.3
06/10/2023,548.88,406.51,32.78,988.17
07/10/2023,471.41,263.22,14.07,748.7
08/10/2023,468.56,268.73,13.16,750.45
09/10/2023,537.27,505.69,40.38,1083.34
10/10/2023,554.14,517.6,42.56,1114.3
11/10/2023,530.49,411.42,27.06,968.96
12/10/2023,466.24,251.39,19.84,737.47
13/10/2023,484.14,201.62,32.68,718.44
14/10/2023,467.31,228.36,13.79,709.47
15/10/2023,471.52,267.1,15.09,753.71
16/10/2023,552.65,302.62,38.13,893.39
17/10/2023,532.03,185.97,38.19,756.19
18/10/2023,517.4,159.88,34.38,711.67
19/10/2023,519.21,164.57,39.18,722.96
20/10/2023,488.33,142.09,32.36,662.78
21/10/2023,447.39,190.2,11.62,649.21
22/10/2023,445.04,193.76,14.43,653.23
23/10/2023,557.66,363.47,41.23,962.36
24/10/2023,558.42,190.23,40.25,788.89
25/10/2023,529.88,160.2,39.41,729.49
26/10/2023,527.15,159.88,46.85,733.87
27/10/2023,513.62,148.21,36.38,698.21
28/10/2023,448.24,129.56,15.61,593.4
29/10/2023,436.76,163.08,15.14,614.98
30/10/2023,535.28,184,45.3,764.58
31/10/2023,571.51,251.22,34.72,857.46
01/11/2023,493.89,114.63,19.2,627.72
02/11/2023,566.87,135.23,41.67,743.77
03/11/2023,583.58,125.82,33.19,742.59
04/11/2023,505.87,106.15,12.98,625
05/11/2023,511.81,119.23,14.35,645.38
06/11/2023,665.32,222.84,42.99,931.15
07/11/2023,731.77,236.4,39.22,1007.39
08/11/2023,725.14,208.67,40.98,974.79
09/11/2023,666.21,196.8,44.98,907.99
10/11/2023,637.4,166.05,36.92,840.36
11/11/2023,511.32,108.5,16.02,635.83
12/11/2023,488.27,138.6,15.95,642.82
13/11/2023,574.82,192.45,43.48,810.75
14/11/2023,596.5,215.17,38.58,850.25
15/11/2023,629.54,305.21,41.61,976.37
16/11/2023,644.92,293.53,43.7,982.15
17/11/2023,635.92,264.39,35.52,935.82
18/11/2023,531.7,157.1,15.38,704.18
19/11/2023,532.43,198.08,19.04,749.54
20/11/2023,652.04,225.11,45.05,922.2
21/11/2023,663.32,167.09,36.32,866.72
22/11/2023,682.93,175.37,42.96,901.25
23/11/2023,718.78,214.47,41.65,974.89
24/11/2023,719.07,225.07,37.81,981.94
25/11/2023,638.68,235.13,17.69,891.5
26/11/2023,661.01,292.27,18.62,971.9
27/11/2023,773,269.58,42.08,1084.66
28/11/2023,765.88,337.82,46.51,1150.2
29/11/2023,717.53,218.59,47.06,983.18
30/11/2023,731.09,257.71,44.69,1033.5
01/12/2023,754.55,214.88,39.84,1009.26
02/12/2023,680.33,209.51,17.03,906.86
03/12/2023,699.78,179.26,20.76,899.8
04/12/2023,797.07,259.3,46.77,1103.13
05/12/2023,846.6,386.01,40.77,1273.38
06/12/2023,783.92,341.01,30.04,1154.97
07/12/2023,751.4,220.92,35.25,1007.56
08/12/2023,661.44,134.97,23.4,819.81
09/12/2023,621,132.18,18.45,771.63
10/12/2023,608.69,151.57,17.21,777.48
11/12/2023,716,197.38,47.24,960.62
12/12/2023,720.73,169.2,45.48,935.42
13/12/2023,752.9,172.44,43.99,969.32
14/12/2023,785,216.85,45.62,1047.46
15/12/2023,774.79,206.36,38.07,1019.22
16/12/2023,715.87,198.44,19.22,933.53
17/12/2023,740.12,241.46,19.14,1000.72
18/12/2023,894.73,383,48.93,1326.66
19/12/2023,882.8,280.15,46.49,1209.45
20/12/2023,843.15,180.26,49.04,1072.45
21/12/2023,798.39,138.11,49.78,986.27
22/12/2023,724.32,128.88,36.51,889.71
23/12/2023,631.39,139.39,24.28,795.06
24/12/2023,608.23,220.16,3.78,832.17
25/12/2023,624.22,255.49,16.34,896.05
26/12/2023,756.42,215.95,40.77,1013.13
27/12/2023,781.17,204.58,40.78,1026.52
28/12/2023,794.11,272.8,43.56,1110.46
29/12/2023,760.66,328.2,36.21,1125.07
30/12/2023,648.55,121.59,18.16,788.3
31/12/2023,606.35,177.87,6.44,790.66
01/01/2024,605.32,152.92,15.35,773.59
02/01/2024,770.68,112.96,46.75,930.39
03/01/2024,762.47,151.84,41.9,956.2
04/01/2024,785.11,185.48,47.48,1018.06
05/01/2024,772.96,113.21,33.05,919.23
06/01/2024,717.45,118.89,13.06,849.4
07/01/2024,794.45,141.28,19.8,955.53
08/01/2024,976.58,386.73,47.95,1411.26
09/01/2024,988.81,586.07,44.09,1618.97
10/01/2024,988.31,485.19,48.22,1521.71
11/01/2024,991.32,427.35,52.33,1471
12/01/2024,984.91,357.38,40.33,1382.61
13/01/2024,860.19,211.46,19.71,1091.36
14/01/2024,816.6,139.27,21.06,976.93
15/01/2024,863.74,231.47,49.67,1144.88
16/01/2024,824.02,139.6,46.27,1009.88
17/01/2024,764.13,88.36,47.14,899.63
18/01/2024,785.3,166.27,47,998.57
19/01/2024,899.43,134.95,37.8,1072.18
20/01/2024,812.25,162.06,17.74,992.05
21/01/2024,797.19,148,21.54,966.74
22/01/2024,894.1,185.91,46.18,1126.2
23/01/2024,842.19,281.15,49.51,1172.84
24/01/2024,816.03,245.71,43.9,1105.64
25/01/2024,808.69,266.61,52.39,1127.7
26/01/2024,796.76,218.42,43.15,1058.33
27/01/2024,692.94,146.55,18.77,858.27
28/01/2024,688.12,134.04,18.2,840.37
29/01/2024,808.98,228.19,45.88,1083.06
30/01/2024,828.94,267.37,42.38,1138.69
31/01/2024,845.87,265.41,41.79,1153.08
01/02/2024,845.56,196.08,49.01,1090.65
02/02/2024,816.13,151.91,41.07,1009.11
03/02/2024,718.64,169.27,19.9,907.82
04/02/2024,723.57,206.24,18.72,948.52
05/02/2024,837.11,308.94,48.51,1194.56
06/02/2024,826.24,168.9,35.58,1030.72
07/02/2024,824.92,144,46.85,1015.77
08/02/2024,806.62,136.83,48.44,991.89
09/02/2024,782.08,127.79,38.56,948.43
10/02/2024,702.25,93.21,19.02,814.48
11/02/2024,749.1,106.74,20.59,876.44
12/02/2024,801.86,143.02,44.75,989.63
13/02/2024,792.98,195.07,47.5,1035.55
14/02/2024,765.22,173.57,43.65,982.44
15/02/2024,764.27,168.32,46.01,978.59
16/02/2024,761.65,165.83,35.1,962.58
17/02/2024,660.02,139.47,14.95,814.44
18/02/2024,666.6,149.74,18.59,834.93
19/02/2024,744.57,185.05,45.98,975.61
20/02/2024,756.28,207.04,50.18,1013.5
21/02/2024,765.73,162.75,42.77,971.25
22/02/2024,746.01,103.04,49.02,898.07
23/02/2024,787.56,100.23,41.4,929.19
24/02/2024,715.49,116.11,22.26,853.85
25/02/2024,703.68,104.18,14.64,822.5
26/02/2024,808.43,127.22,46.66,982.3
27/02/2024,834.82,130.63,41.77,1007.22
28/02/2024,795.13,165.85,39.27,1000.25
29/02/2024,797.88,108.92,42.55,949.35
01/03/2024,772.4,104.95,44.81,922.16
02/03/2024,729.28,97.05,19.56,845.89
03/03/2024,743.09,99.03,17.66,859.78
04/03/2024,819.67,115.68,48.04,983.39
05/03/2024,807.52,210.58,44.27,1062.37
06/03/2024,802.06,162.5,47.19,1011.76
07/03/2024,792.62,106.81,52.61,952.04
08/03/2024,780.54,86.54,41.51,908.59
09/03/2024,714.96,108.51,18.13,841.6
10/03/2024,704.46,115.62,19.34,839.42
11/03/2024,797.22,188.57,50.78,1036.58
12/03/2024,778.39,246.06,42.34,1066.79
13/03/2024,741.01,244.21,47.53,1032.75
14/03/2024,726.33,190.65,46.09,963.06
15/03/2024,682.28,202.21,40.43,924.93
16/03/2024,577.6,180.17,17.22,774.99
17/03/2024,561.26,192.21,18.8,772.28
18/03/2024,636.66,264.27,47.08,948.02
19/03/2024,634.33,232.86,33.21,900.4
20/03/2024,652.35,184.02,46.59,882.96
21/03/2024,635.14,157.12,41.65,833.91
22/03/2024,591.76,159.7,39.26,790.72
23/03/2024,503.24,114.12,18.28,635.64
24/03/2024,517.75,134.19,15.2,667.15
25/03/2024,648.26,158.89,46.23,853.38
26/03/2024,693.75,129.07,43.29,866.11
27/03/2024,663.71,107.1,30.41,801.22
28/03/2024,571.65,89.73,20.76,682.14
29/03/2024,558.94,135.66,14.69,709.29
30/03/2024,542.79,133.37,20.91,697.07
31/03/2024,595.28,113.33,13.57,722.19
01/04/2024,647.34,117.69,32.8,797.83
02/04/2024,694.39,147.25,47.83,889.47
03/04/2024,645.77,153.55,47.33,846.64
04/04/2024,609.06,147.09,42.86,799.01
05/04/2024,564.53,104.2,37.37,706.1
06/04/2024,472.71,109.45,13.91,596.07
07/04/2024,467.47,133.54,16.28,617.28
08/04/2024,564.59,139.84,43.18,747.62
09/04/2024,604.24,174.39,41.2,819.82
10/04/2024,589.48,180.9,40.2,810.58
11/04/2024,570.72,174.46,40.19,785.37
12/04/2024,550.37,192.17,34.94,777.48
13/04/2024,454.7,148.73,14.23,617.66
14/04/2024,447.89,134.33,12.4,594.62
15/04/2024,528.39,153.25,45.57,727.21
16/04/2024,544.15,155.95,39.31,739.41
17/04/2024,555.55,138.01,37.64,731.2
18/04/2024,566.26,121.17,37.96,725.39
19/04/2024,560.25,141.83,33.48,735.56
20/04/2024,471.09,117.64,13.98,602.71
21/04/2024,475.2,122,16.53,613.74
22/04/2024,582.34,111.04,40.21,733.59
23/04/2024,620.17,120.84,42.68,783.69
24/04/2024,640.6,157.49,42.72,840.81
25/04/2024,658.91,186.89,40.4,886.2
26/04/2024,632.76,177.98,35.31,846.05
27/04/2024,553.73,136.6,15.22,705.55
28/04/2024,547.59,174.21,14.19,735.98
29/04/2024,659.61,225.92,46.86,932.39
30/04/2024,627.88,153.53,37.3,818.71
01/05/2024,559.51,108.21,20.03,687.75
02/05/2024,637.85,130.36,46.46,814.67
03/05/2024,616.89,128.4,39,784.28
04/05/2024,512.75,120.7,13.4,646.85
05/05/2024,510.55,139.75,14.34,664.64
06/05/2024,602.98,187.28,47.59,837.85
07/05/2024,604.02,160.77,35.25,800.04
08/05/2024,590.66,139.08,43.14,772.87
09/05/2024,580.99,134.82,42.28,758.09
10/05/2024,556.24,135.62,34.88,726.74
11/05/2024,479.93,124.78,13.49,618.21
12/05/2024,476.02,132.07,12.77,620.85
13/05/2024,544.66,111.88,44.3,700.84
14/05/2024,562.82,104.23,37.89,704.95
15/05/2024,577.34,122.49,36.2,736.03
16/05/2024,598.88,168.85,38.58,806.31
17/05/2024,586.23,166.23,34.13,786.6
18/05/2024,503.77,128.59,15.46,647.81
19/05/2024,497.05,140.13,16.36,653.54
20/05/2024,577.66,129.79,44.72,752.17
21/05/2024,591.76,133.08,38.16,763
22/05/2024,592.41,124.47,38.61,755.49
23/05/2024,587.79,147.33,42.29,777.4
24/05/2024,574.91,162.49,37.08,774.48
25/05/2024,490.12,135.49,15.75,641.35
26/05/2024,476.38,142.89,14.27,633.53
27/05/2024,555.66,134.39,44.18,734.22
28/05/2024,550.54,142.31,36.36,729.21
29/05/2024,553.78,170.35,37.4,761.53
30/05/2024,526.73,145.08,40.7,712.51
31/05/2024,499.37,119.95,33.31,652.63
01/06/2024,433.78,99.35,12.97,546.1
02/06/2024,433.01,94.14,11.82,538.97
03/06/2024,542.94,174.56,43.67,761.17
04/06/2024,570.42,232,37.03,839.44
05/06/2024,575.54,218.65,38.8,832.98
06/06/2024,569.75,195.36,40.56,805.66
07/06/2024,549.19,174.16,34.03,757.38
08/06/2024,478.39,141.03,13.63,633.06
09/06/2024,454.9,115.96,13.22,584.07
10/06/2024,551.36,140.7,39.8,731.86
11/06/2024,563.66,150.12,38.45,752.22
12/06/2024,570.05,145.63,38.39,754.07
13/06/2024,555.62,139.56,40.47,735.65
14/06/2024,518.23,107.02,35.27,660.53
15/06/2024,444.34,95.72,13.15,553.21
16/06/2024,442.58,105.09,15.06,562.73
17/06/2024,532.69,138.23,41.26,712.17
18/06/2024,556.24,171.3,38.7,766.24
19/06/2024,564.3,166.4,40.24,770.94
20/06/2024,577.03,174.78,41.81,793.62
21/06/2024,554.61,155.03,32.29,741.93
22/06/2024,452.24,115.66,14.27,582.17
23/06/2024,431.15,107,12.58,550.72
24/06/2024,502.45,132.23,38.65,673.32
25/06/2024,544.13,171.82,36.19,752.14
26/06/2024,561.53,212.6,40.3,814.42
27/06/2024,567.9,182.13,40.9,790.92
28/06/2024,551.39,167.01,29.52,747.92
29/06/2024,474.14,143.27,16.54,633.95
30/06/2024,460.28,133.58,11.73,605.59
01/07/2024,526.77,151.87,41.4,720.04
02/07/2024,526.77,162.39,37.11,726.26
03/07/2024,535.11,157.35,40.95,733.41
04/07/2024,534.75,170.78,40.39,745.92
05/07/2024,518.19,164.7,37.43,720.32
06/07/2024,422.73,117.72,14.13,554.57
07/07/2024,432.55,144.42,14.78,591.75
08/07/2024,533.1,159.15,41.64,733.88
09/07/2024,537.88,224.71,43.92,806.51
10/07/2024,539.63,259.41,38.34,837.38
11/07/2024,537.21,204.24,40.14,781.59
12/07/2024,516.34,195.86,35.78,747.99
13/07/2024,440.9,161.05,13.69,615.64
14/07/2024,432.53,158.3,13.66,604.49
15/07/2024,513.48,201.12,42.53,757.12
16/07/2024,547.49,223.1,40.36,810.96
17/07/2024,550.08,291.75,38.68,880.51
18/07/2024,547.29,391.27,41.41,979.97
19/07/2024,533.51,329.6,36.21,899.32
20/07/2024,422.33,160.45,16.64,599.41
21/07/2024,416.92,177.42,13.28,607.62
22/07/2024,519.67,197.69,44.09,761.45
23/07/2024,528.03,268.57,42.28,838.89
24/07/2024,529.09,296.27,42.78,868.14
25/07/2024,506.28,231.56,40.91,778.75
26/07/2024,506.19,270.11,38.57,814.87
27/07/2024,434.92,180.19,15.12,630.23
28/07/2024,417.99,208.29,10.47,636.75
29/07/2024,511.81,412.38,51.23,975.41
30/07/2024,512.69,382.13,42.83,937.65
31/07/2024,512.22,420.03,42.08,974.34
01/08/2024,512.24,344.03,40.62,896.89
02/08/2024,499.2,241.88,38.36,779.44
03/08/2024,425.32,202.81,16.64,644.77
04/08/2024,412.24,236.21,15.82,664.27
05/08/2024,468.6,278.9,44.56,792.06
06/08/2024,478.84,251.4,37.17,767.41
07/08/2024,480.05,222.44,38.01,740.51
08/08/2024,484.9,246.63,42.65,774.18
09/08/2024,470.61,222.15,38.26,731.03
10/08/2024,400.21,187.17,15.7,603.08
11/08/2024,394.17,197.09,13.05,604.3
12/08/2024,456.7,241.87,42.26,740.83
13/08/2024,462.36,229.56,40.81,732.72
14/08/2024,448.35,213.73,29.36,691.44
15/08/2024,396.38,168.01,23.26,587.65
16/08/2024,417.88,164.84,38.86,621.59
17/08/2024,382.28,172.36,16.2,570.84
18/08/2024,374.51,184.25,12.48,571.24
19/08/2024,465.45,205.88,43.69,715.02
20/08/2024,463.78,186.97,42.41,693.16
21/08/2024,465.59,253.96,39.96,759.5
22/08/2024,487.11,289.15,42.21,818.47
23/08/2024,483.26,250.96,36.37,770.59
24/08/2024,400.41,151.28,18.25,569.95
25/08/2024,402.48,148.11,14.07,564.65
26/08/2024,498.65,306.72,47.17,852.54
27/08/2024,513.99,382.18,40.97,937.15
28/08/2024,521.97,314.22,39.52,875.7
29/08/2024,527.06,366.21,44.71,937.99
30/08/2024,518.64,337.27,36.87,892.79
31/08/2024,455.77,299.67,15.06,770.5
01/09/2024,442.07,275.34,15.96,733.38
02/09/2024,529.82,283.64,46.63,860.1
03/09/2024,545.61,268.33,44.44,858.38
04/09/2024,547.12,241.78,40.9,829.8
05/09/2024,561.97,220.52,45.69,828.18
06/09/2024,542.48,211.24,41.45,795.17
07/09/2024,471.37,213.72,16.51,701.6
08/09/2024,466.37,190.97,16.26,673.6
09/09/2024,544.21,219.19,46.73,810.13
10/09/2024,551.82,203.44,43.96,799.22
11/09/2024,551.75,180.8,40.45,773
12/09/2024,559.14,190.23,44.98,794.35
13/09/2024,528.6,120.18,35.33,684.1
14/09/2024,452.46,130.65,14.53,597.64
15/09/2024,435.37,126.97,15.03,577.37
16/09/2024,504.84,150.43,40.5,695.77
17/09/2024,528.64,136.36,43.14,708.14
18/09/2024,575.26,249.94,42.61,867.81
19/09/2024,590.68,347.24,44.17,982.08
20/09/2024,574.27,306.03,40.7,921
21/09/2024,492.35,218.57,14.52,725.43
22/09/2024,483.86,193.44,14.27,691.57
23/09/2024,561.41,208.32,46.52,816.24
24/09/2024,571.05,210.15,41.53,822.73
25/09/2024,531.4,123.05,41.1,695.55
26/09/2024,502.97,128.61,42.07,673.66
27/09/2024,506.42,134.01,37.8,678.23
28/09/2024,454.71,147.27,13.8,615.79
29/09/2024,452.62,154.2,11.3,618.12
30/09/2024,549.44,244.05,43.13,836.62
01/10/2024,568.61,230.47,42.47,841.55
02/10/2024,558.17,238.39,43.36,839.92
03/10/2024,552.49,246.56,42.22,841.28
04/10/2024,561.06,249.09,34.72,844.87
05/10/2024,561.06,249.09,34.72,844.87
06/10/2024,428.58,147.65,10.91,587.14
07/10/2024,518.85,187.32,43.13,749.29
08/10/2024,510.41,139.66,41.03,691.1
09/10/2024,505.1,133.25,38.53,676.88
10/10/2024,575.15,269.27,45.71,890.13
11/10/2024,565.11,177.14,31.01,773.26
12/10/2024,469.9,167.92,11.67,649.49
13/10/2024,463.83,195.77,14.41,674
14/10/2024,567.97,282.21,44.49,894.66
15/10/2024,562.46,205.63,43.52,811.62
16/10/2024,545.45,169.28,44.12,758.85
17/10/2024,558.93,165.23,40.85,765.01
18/10/2024,550.42,154.7,33.6,738.72
19/10/2024,466.78,126.87,11.81,605.45
20/10/2024,468.37,169.27,13.78,651.41
21/10/2024,578.9,220.18,49.85,848.94
22/10/2024,585.47,182.4,33.03,800.9
23/10/2024,581.92,217.49,41.86,841.27
24/10/2024,564.64,178.64,47.18,790.46
25/10/2024,565.45,231.54,36.63,833.63
26/10/2024,539.85,205.34,18.58,763.78
27/10/2024,546.75,178.59,15.95,741.28
28/10/2024,624.99,172.57,41.53,839.09
29/10/2024,630.76,189.57,44.28,864.62
30/10/2024,636.38,198.7,42.61,877.69
31/10/2024,610.23,230,27.75,867.98
01/11/2024,539.24,201.55,15.38,756.18
02/11/2024,530.27,220.48,16.81,767.57
03/11/2024,521.18,198.15,16.69,736.01
04/11/2024,628.63,282.11,40.31,951.05
05/11/2024,640.39,380.67,39.3,1060.36
06/11/2024,649.13,318.73,45.83,1013.68
07/11/2024,648.1,299.53,44.62,992.25
08/11/2024,652.18,341.83,38.46,1032.47
09/11/2024,582.98,246.96,18.63,848.57
10/11/2024,579.77,202.98,18.14,800.89
11/11/2024,653.51,158.54,47.79,859.85
12/11/2024,708.83,196.37,36.27,941.47
13/11/2024,783.89,229.84,42.67,1056.4
14/11/2024,743.62,307.54,47.48,1098.64
15/11/2024,726.5,296.61,39.78,1062.9
16/11/2024,632.77,234.88,18.95,886.6
17/11/2024,625.56,298.58,15.8,939.94
18/11/2024,714.39,491.84,47.43,1253.66
19/11/2024,714.07,287.28,42.02,1043.37
20/11/2024,699.22,183.44,44.24,926.9
21/11/2024,713.19,180.19,47.3,940.68
22/11/2024,729.81,316.45,40.34,1086.59
23/11/2024,592.86,138.85,15.61,747.31
24/11/2024,544.52,147.18,15.38,707.08
25/11/2024,702.22,281.37,48.21,1031.8
26/11/2024,779.71,487.07,44.51,1311.29
27/11/2024,796.23,418.67,44.77,1259.67
28/11/2024,799.93,363.37,44.11,1207.41
29/11/2024,772.66,350.23,40.11,1163
30/11/2024,667.56,262.5,19.7,949.76
01/12/2024,665.1,345.62,16.11,1026.83
02/12/2024,756.54,552.29,50.88,1359.71
03/12/2024,772.83,480.34,45.59,1298.76
04/12/2024,788.16,398.98,49.57,1236.71
05/12/2024,784,327.04,34.21,1145.25
06/12/2024,660.03,216.45,19.43,895.92
07/12/2024,602.91,156.51,22.05,781.48
08/12/2024,678.95,153.47,15.46,847.88
09/12/2024,833.14,240.89,40.54,1114.57
10/12/2024,906.39,537.97,47.51,1491.87
11/12/2024,942.48,680.34,47.79,1670.61
12/12/2024,931.31,656.04,54.09,1641.44
13/12/2024,897.49,635.89,44.26,1577.63
14/12/2024,822.75,374.38,21.69,1218.83
15/12/2024,811.76,238.31,20.02,1070.09
16/12/2024,908.69,392.14,47.92,1348.75
17/12/2024,897.12,420.93,46.24,1364.28
18/12/2024,841.89,278.84,50.19,1170.92
19/12/2024,811,200.81,46.81,1058.62
20/12/2024,825.83,232.3,43.11,1101.23
21/12/2024,734.37,171.06,24.57,930.01
22/12/2024,663.64,129.55,18.34,811.53
23/12/2024,688.1,157.87,48.84,894.81
24/12/2024,605.99,144.06,20.24,770.29
25/12/2024,551.5,208.75,9.07,769.32
26/12/2024,675.21,305.74,42.4,1023.35
27/12/2024,701.61,333.06,38.05,1072.72
28/12/2024,683.73,338.55,14.88,1037.16
29/12/2024,694.73,366.33,17.6,1078.65
30/12/2024,766.97,407.55,50.12,1224.64
31/12/2024,715,348.9,17,1080.9
01/01/2025,662.95,248.85,15.04,926.83
02/01/2025,813.23,261.09,49.66,1123.98
03/01/2025,806.18,166.79,43.85,1016.82
04/01/2025,696.65,159.3,17.76,873.72
05/01/2025,631.08,112.51,12.55,756.14
06/01/2025,657.62,126,18.46,802.09
07/01/2025,838.98,133.97,45.59,1018.54
08/01/2025,820.85,133.07,44.78,998.69
09/01/2025,788.75,160.33,47.3,996.38
10/01/2025,770.18,168.64,40.94,979.76
11/01/2025,644.17,137.98,16.87,799.02
12/01/2025,703.04,161.36,16.06,880.46
13/01/2025,921.08,252.16,48.24,1221.48
14/01/2025,969.93,443.98,46.34,1460.25
15/01/2025,980.7,350.8,47.72,1379.22
16/01/2025,,,,
17/01/2025,926.19,429.48,44.1,1399.77
18/01/2025,817.83,337.85,20.35,1176.02
19/01/2025,820.22,259.4,16.89,1096.52
20/01/2025,931.26,554.24,47.12,1532.62
21/01/2025,894.08,388.49,50.07,1332.64
22/01/2025,838.62,268.13,42.78,1149.53
23/01/2025,804.72,265.56,49.75,1120.03
24/01/2025,758.25,105.82,41.01,905.08
25/01/2025,639.52,122.05,18.49,780.06
26/01/2025,641.07,97.24,12.48,750.79
27/01/2025,703.01,95.96,49.5,848.47
28/01/2025,772.1,96.13,46.64,914.87
29/01/2025,812.84,154.06,44.77,1011.66
30/01/2025,831.58,155.41,47.27,1034.27
31/01/2025,851.62,222.72,42.13,1116.47
01/02/2025,757.5,190.73,16.4,964.63
02/02/2025,778.3,183.25,16.54,978.09
03/02/2025,885.63,347.79,50.19,1283.6
04/02/2025,879.18,367.37,47.11,1293.67
05/02/2025,860.67,293.03,47.66,1201.35
06/02/2025,874.39,342.53,48.75,1265.67
07/02/2025,880.04,216.92,40.26,1137.22
08/02/2025,746.71,189.74,15.86,952.3
09/02/2025,723.71,190.25,15.95,929.91
10/02/2025,811.3,280.45,49.88,1141.63
11/02/2025,788.06,237.6,46.99,1072.64
12/02/2025,792.74,257.55,44.98,1095.27
13/02/2025,783.68,254.52,48.08,1086.28
14/02/2025,733.32,243.83,39.59,1016.74
15/02/2025,638.95,165.45,11.84,816.24